,FIPS,ST,COUNTY
0,1001,AL,Autauga County
1,1003,AL,Baldwin County
2,1005,AL,Barbour County
3,1007,AL,Bibb County
4,1009,AL,Blount County
5,1011,AL,Bullock County
6,1013,AL,Butler County
7,1015,AL,Calhoun County
8,1017,AL,Chambers County
9,1019,AL,Cherokee County
10,1021,AL,Chilton County
11,1023,AL,Choctaw County
12,1025,AL,Clarke County
13,1027,AL,Clay County
14,1029,AL,Cleburne County
15,1031,AL,Coffee County
16,1033,AL,Colbert County
17,1035,AL,Conecuh County
18,1037,AL,Coosa County
19,1039,AL,Covington County
20,1041,AL,Crenshaw County
21,1043,AL,Cullman County
22,1045,AL,Dale County
23,1047,AL,Dallas County
24,1049,AL,De Kalb County
25,1049,AL,DeKalb County
26,1051,AL,Elmore County
27,1053,AL,Escambia County
28,1055,AL,Etowah County
29,1057,AL,Fayette County
30,1059,AL,Franklin County
31,1061,AL,Geneva County
32,1063,AL,Greene County
33,1065,AL,Hale County
34,1067,AL,Henry County
35,1069,AL,Houston County
36,1071,AL,Jackson County
37,1073,AL,Jefferson County
38,1075,AL,Lamar County
39,1077,AL,Lauderdale County
40,1079,AL,Lawrence County
41,1081,AL,Lee County
42,1083,AL,Limestone County
43,1085,AL,Lowndes County
44,1087,AL,Macon County
45,1089,AL,Madison County
46,1091,AL,Marengo County
47,1093,AL,Marion County
48,1095,AL,Marshall County
49,1097,AL,Mobile County
50,1099,AL,Monroe County
51,1101,AL,Montgomery County
52,1103,AL,Morgan County
53,1105,AL,Perry County
54,1107,AL,Pickens County
55,1109,AL,Pike County
56,1111,AL,Randolph County
57,1113,AL,Russell County
58,1115,AL,St. Clair County
59,1117,AL,Shelby County
60,1119,AL,Sumter County
61,1121,AL,Talladega County
62,1123,AL,Tallapoosa County
63,1125,AL,Tuscaloosa County
64,1127,AL,Walker County
65,1129,AL,Washington County
66,1131,AL,Wilcox County
67,1133,AL,Winston County
68,2013,AK,Aleutians East Borough
69,2016,AK,Aleutians West Census Area
70,2020,AK,Anchorage Municipality
71,2020,AK,Anchorage Borough
72,2050,AK,Bethel Census Area
73,2060,AK,Bristol Bay Borough
74,2068,AK,Denali Borough
75,2068,AK,Denali Census Area
76,2070,AK,Dillingham Census Area
77,2090,AK,Fairbanks North Star Borough
78,2100,AK,Haines Borough
79,2110,AK,Juneau City and Borough
80,2110,AK,Juneau Borough
81,2122,AK,Kenai Peninsula Borough
82,2130,AK,Ketchikan Gateway Borough
83,2150,AK,Kodiak Island Borough
84,2164,AK,Lake and Peninsula Borough
85,2068,AK,Denali Census Area
86,2170,AK,Matanuska-Susitna Borough
87,2180,AK,Nome Census Area
88,2185,AK,North Slope Borough
89,2188,AK,Northwest Arctic Borough
90,2201,AK,Prince of Wales-Hyder Census Area
91,2201,AK,Prince of Wales-Outer Ketchikan Census Area
92,2220,AK,Sitka City and Borough
93,2220,AK,Sitka Borough
94,2232,AK,Hoonah-Angoon Census Area
95,2232,AK,Skagway Municipality
96,2232,AK,Skagway/Hoonah/Angoon Census Area
97,2240,AK,Southeast Fairbanks Census Area
98,2261,AK,Valdez-Cordova Census Area
99,2270,AK,Wade Hampton Census Area
100,2280,AK,Petersburg Borough
101,2280,AK,Wrangell City and Borough
102,2280,AK,Wrangell-Petersburg Census Area
103,2282,AK,Yakutat City and Borough
104,2290,AK,Yukon-Koyukuk Census Area
105,4001,AZ,Apache County
106,4003,AZ,Cochise County
107,4005,AZ,Coconino County
108,4007,AZ,Gila County
109,4009,AZ,Graham County
110,4011,AZ,Greenlee County
111,4012,AZ,La Paz County
112,4013,AZ,Maricopa County
113,4015,AZ,Mohave County
114,4017,AZ,Navajo County
115,4019,AZ,Pima County
116,4021,AZ,Pinal County
117,4023,AZ,Santa Cruz County
118,4025,AZ,Yavapai County
119,4027,AZ,Yuma County
120,5001,AR,Arkansas County
121,5003,AR,Ashley County
122,5005,AR,Baxter County
123,5007,AR,Benton County
124,5009,AR,Boone County
125,5011,AR,Bradley County
126,5013,AR,Calhoun County
127,5015,AR,Carroll County
128,5017,AR,Chicot County
129,5019,AR,Clark County
130,5021,AR,Clay County
131,5023,AR,Cleburne County
132,5025,AR,Cleveland County
133,5027,AR,Columbia County
134,5029,AR,Conway County
135,5031,AR,Craighead County
136,5033,AR,Crawford County
137,5035,AR,Crittenden County
138,5037,AR,Cross County
139,5039,AR,Dallas County
140,5041,AR,Desha County
141,5043,AR,Drew County
142,5045,AR,Faulkner County
143,5047,AR,Franklin County
144,5049,AR,Fulton County
145,5051,AR,Garland County
146,5053,AR,Grant County
147,5055,AR,Greene County
148,5057,AR,Hempstead County
149,5059,AR,Hot Spring County
150,5061,AR,Howard County
151,5063,AR,Independence County
152,5065,AR,Izard County
153,5067,AR,Jackson County
154,5069,AR,Jefferson County
155,5071,AR,Johnson County
156,5073,AR,Lafayette County
157,5075,AR,Lawrence County
158,5077,AR,Lee County
159,5079,AR,Lincoln County
160,5081,AR,Little River County
161,5083,AR,Logan County
162,5085,AR,Lonoke County
163,5087,AR,Madison County
164,5089,AR,Marion County
165,5091,AR,Miller County
166,5093,AR,Mississippi County
167,5095,AR,Monroe County
168,5097,AR,Montgomery County
169,5099,AR,Nevada County
170,5101,AR,Newton County
171,5103,AR,Ouachita County
172,5105,AR,Perry County
173,5107,AR,Phillips County
174,5109,AR,Pike County
175,5111,AR,Poinsett County
176,5113,AR,Polk County
177,5115,AR,Pope County
178,5117,AR,Prairie County
179,5119,AR,Pulaski County
180,5121,AR,Randolph County
181,5123,AR,St. Francis County
182,5125,AR,Saline County
183,5127,AR,Scott County
184,5129,AR,Searcy County
185,5131,AR,Sebastian County
186,5133,AR,Sevier County
187,5135,AR,Sharp County
188,5137,AR,Stone County
189,5139,AR,Union County
190,5141,AR,Van Buren County
191,5143,AR,Washington County
192,5145,AR,White County
193,5147,AR,Woodruff County
194,5149,AR,Yell County
195,6001,CA,Alameda County
196,6003,CA,Alpine County
197,6005,CA,Amador County
198,6007,CA,Butte County
199,6009,CA,Calaveras County
200,6011,CA,Colusa County
201,6013,CA,Contra Costa County
202,6015,CA,Del Norte County
203,6017,CA,El Dorado County
204,6019,CA,Fresno County
205,6021,CA,Glenn County
206,6023,CA,Humboldt County
207,6025,CA,Imperial County
208,6027,CA,Inyo County
209,6029,CA,Kern County
210,6031,CA,Kings County
211,6033,CA,Lake County
212,6035,CA,Lassen County
213,6037,CA,Los Angeles County
214,6039,CA,Madera County
215,6041,CA,Marin County
216,6043,CA,Mariposa County
217,6045,CA,Mendocino County
218,6047,CA,Merced County
219,6049,CA,Modoc County
220,6051,CA,Mono County
221,6053,CA,Monterey County
222,6055,CA,Napa County
223,6057,CA,Nevada County
224,6059,CA,Orange County
225,6061,CA,Placer County
226,6063,CA,Plumas County
227,6065,CA,Riverside County
228,6067,CA,Sacramento County
229,6069,CA,San Benito County
230,6071,CA,San Bernardino County
231,6073,CA,San Diego County
232,6075,CA,San Francisco County
233,6077,CA,San Joaquin County
234,6079,CA,San Luis Obispo County
235,6081,CA,San Mateo County
236,6083,CA,Santa Barbara County
237,6085,CA,Santa Clara County
238,6087,CA,Santa Cruz County
239,6089,CA,Shasta County
240,6091,CA,Sierra County
241,6093,CA,Siskiyou County
242,6095,CA,Solano County
243,6097,CA,Sonoma County
244,6099,CA,Stanislaus County
245,6101,CA,Sutter County
246,6103,CA,Tehama County
247,6105,CA,Trinity County
248,6107,CA,Tulare County
249,6109,CA,Tuolumne County
250,6111,CA,Ventura County
251,6113,CA,Yolo County
252,6115,CA,Yuba County
253,8001,CO,Adams County
254,8003,CO,Alamosa County
255,8005,CO,Arapahoe County
256,8007,CO,Archuleta County
257,8009,CO,Baca County
258,8011,CO,Bent County
259,8013,CO,Boulder County
260,8015,CO,Chaffee County
261,8017,CO,Cheyenne County
262,8019,CO,Clear Creek County
263,8021,CO,Conejos County
264,8023,CO,Costilla County
265,8025,CO,Crowley County
266,8027,CO,Custer County
267,8029,CO,Delta County
268,8031,CO,Denver County
269,8033,CO,Dolores County
270,8035,CO,Douglas County
271,8037,CO,Eagle County
272,8039,CO,Elbert County
273,8041,CO,El Paso County
274,8043,CO,Fremont County
275,8045,CO,Garfield County
276,8047,CO,Gilpin County
277,8049,CO,Grand County
278,8051,CO,Gunnison County
279,8053,CO,Hinsdale County
280,8055,CO,Huerfano County
281,8057,CO,Jackson County
282,8059,CO,Jefferson County
283,8061,CO,Kiowa County
284,8063,CO,Kit Carson County
285,8065,CO,Lake County
286,8067,CO,La Plata County
287,8069,CO,Larimer County
288,8071,CO,Las Animas County
289,8073,CO,Lincoln County
290,8075,CO,Logan County
291,8077,CO,Mesa County
292,8079,CO,Mineral County
293,8081,CO,Moffat County
294,8083,CO,Montezuma County
295,8085,CO,Montrose County
296,8087,CO,Morgan County
297,8089,CO,Otero County
298,8091,CO,Ouray County
299,8093,CO,Park County
300,8095,CO,Phillips County
301,8097,CO,Pitkin County
302,8099,CO,Prowers County
303,8101,CO,Pueblo County
304,8103,CO,Rio Blanco County
305,8105,CO,Rio Grande County
306,8107,CO,Routt County
307,8109,CO,Saguache County
308,8111,CO,San Juan County
309,8113,CO,San Miguel County
310,8115,CO,Sedgwick County
311,8117,CO,Summit County
312,8119,CO,Teller County
313,8121,CO,Washington County
314,8123,CO,Weld County
315,8125,CO,Yuma County
316,9001,CT,Fairfield County
317,9003,CT,Hartford County
318,9005,CT,Litchfield County
319,9007,CT,Middlesex County
320,9009,CT,New Haven County
321,9011,CT,New London County
322,9013,CT,Tolland County
323,9015,CT,Windham County
324,10001,DE,Kent County
325,10003,DE,New Castle County
326,10005,DE,Sussex County
327,11001,DC,District of Columbia
328,12001,FL,Alachua County
329,12003,FL,Baker County
330,12005,FL,Bay County
331,12007,FL,Bradford County
332,12009,FL,Brevard County
333,12011,FL,Broward County
334,12013,FL,Calhoun County
335,12015,FL,Charlotte County
336,12017,FL,Citrus County
337,12019,FL,Clay County
338,12021,FL,Collier County
339,12023,FL,Columbia County
340,12027,FL,DeSoto County
341,12029,FL,Dixie County
342,12031,FL,Duval County
343,12033,FL,Escambia County
344,12035,FL,Flagler County
345,12037,FL,Franklin County
346,12039,FL,Gadsden County
347,12041,FL,Gilchrist County
348,12043,FL,Glades County
349,12045,FL,Gulf County
350,12047,FL,Hamilton County
351,12049,FL,Hardee County
352,12051,FL,Hendry County
353,12053,FL,Hernando County
354,12055,FL,Highlands County
355,12057,FL,Hillsborough County
356,12059,FL,Holmes County
357,12061,FL,Indian River County
358,12063,FL,Jackson County
359,12065,FL,Jefferson County
360,12067,FL,Lafayette County
361,12069,FL,Lake County
362,12071,FL,Lee County
363,12073,FL,Leon County
364,12075,FL,Levy County
365,12077,FL,Liberty County
366,12079,FL,Madison County
367,12081,FL,Manatee County
368,12083,FL,Marion County
369,12085,FL,Martin County
370,12086,FL,Miami-Dade County
371,12087,FL,Monroe County
372,12089,FL,Nassau County
373,12091,FL,Okaloosa County
374,12093,FL,Okeechobee County
375,12095,FL,Orange County
376,12097,FL,Osceola County
377,12099,FL,Palm Beach County
378,12101,FL,Pasco County
379,12103,FL,Pinellas County
380,12105,FL,Polk County
381,12107,FL,Putnam County
382,12109,FL,St. Johns County
383,12111,FL,St. Lucie County
384,12113,FL,Santa Rosa County
385,12115,FL,Sarasota County
386,12117,FL,Seminole County
387,12119,FL,Sumter County
388,12121,FL,Suwannee County
389,12123,FL,Taylor County
390,12125,FL,Union County
391,12127,FL,Volusia County
392,12129,FL,Wakulla County
393,12131,FL,Walton County
394,12133,FL,Washington County
395,13001,GA,Appling County
396,13003,GA,Atkinson County
397,13005,GA,Bacon County
398,13007,GA,Baker County
399,13009,GA,Baldwin County
400,13011,GA,Banks County
401,13013,GA,Barrow County
402,13015,GA,Bartow County
403,13017,GA,Ben Hill County
404,13019,GA,Berrien County
405,13021,GA,Bibb County
406,13023,GA,Bleckley County
407,13025,GA,Brantley County
408,13027,GA,Brooks County
409,13029,GA,Bryan County
410,13031,GA,Bulloch County
411,13033,GA,Burke County
412,13035,GA,Butts County
413,13037,GA,Calhoun County
414,13039,GA,Camden County
415,13043,GA,Candler County
416,13045,GA,Carroll County
417,13047,GA,Catoosa County
418,13049,GA,Charlton County
419,13051,GA,Chatham County
420,13053,GA,Chattahoochee County
421,13055,GA,Chattooga County
422,13057,GA,Cherokee County
423,13059,GA,Clarke County
424,13061,GA,Clay County
425,13063,GA,Clayton County
426,13065,GA,Clinch County
427,13067,GA,Cobb County
428,13069,GA,Coffee County
429,13071,GA,Colquitt County
430,13073,GA,Columbia County
431,13075,GA,Cook County
432,13077,GA,Coweta County
433,13079,GA,Crawford County
434,13081,GA,Crisp County
435,13083,GA,Dade County
436,13085,GA,Dawson County
437,13087,GA,Decatur County
438,13089,GA,DeKalb County
439,13089,GA,De Kalb County
440,13091,GA,Dodge County
441,13093,GA,Dooly County
442,13095,GA,Dougherty County
443,13097,GA,Douglas County
444,13099,GA,Early County
445,13101,GA,Echols County
446,13103,GA,Effingham County
447,13105,GA,Elbert County
448,13107,GA,Emanuel County
449,13109,GA,Evans County
450,13111,GA,Fannin County
451,13113,GA,Fayette County
452,13115,GA,Floyd County
453,13117,GA,Forsyth County
454,13119,GA,Franklin County
455,13121,GA,Fulton County
456,13123,GA,Gilmer County
457,13125,GA,Glascock County
458,13127,GA,Glynn County
459,13129,GA,Gordon County
460,13131,GA,Grady County
461,13133,GA,Greene County
462,13135,GA,Gwinnett County
463,13137,GA,Habersham County
464,13139,GA,Hall County
465,13141,GA,Hancock County
466,13143,GA,Haralson County
467,13145,GA,Harris County
468,13147,GA,Hart County
469,13149,GA,Heard County
470,13151,GA,Henry County
471,13153,GA,Houston County
472,13155,GA,Irwin County
473,13157,GA,Jackson County
474,13159,GA,Jasper County
475,13161,GA,Jeff Davis County
476,13163,GA,Jefferson County
477,13165,GA,Jenkins County
478,13167,GA,Johnson County
479,13169,GA,Jones County
480,13171,GA,Lamar County
481,13173,GA,Lanier County
482,13175,GA,Laurens County
483,13177,GA,Lee County
484,13179,GA,Liberty County
485,13181,GA,Lincoln County
486,13183,GA,Long County
487,13185,GA,Lowndes County
488,13187,GA,Lumpkin County
489,13189,GA,McDuffie County
490,13191,GA,McIntosh County
491,13193,GA,Macon County
492,13195,GA,Madison County
493,13197,GA,Marion County
494,13199,GA,Meriwether County
495,13201,GA,Miller County
496,13205,GA,Mitchell County
497,13207,GA,Monroe County
498,13209,GA,Montgomery County
499,13211,GA,Morgan County
500,13213,GA,Murray County
501,13215,GA,Muscogee County
502,13217,GA,Newton County
503,13219,GA,Oconee County
504,13221,GA,Oglethorpe County
505,13223,GA,Paulding County
506,13225,GA,Peach County
507,13227,GA,Pickens County
508,13229,GA,Pierce County
509,13231,GA,Pike County
510,13233,GA,Polk County
511,13235,GA,Pulaski County
512,13237,GA,Putnam County
513,13239,GA,Quitman County
514,13241,GA,Rabun County
515,13243,GA,Randolph County
516,13245,GA,Richmond County
517,13247,GA,Rockdale County
518,13249,GA,Schley County
519,13251,GA,Screven County
520,13253,GA,Seminole County
521,13255,GA,Spalding County
522,13257,GA,Stephens County
523,13259,GA,Stewart County
524,13261,GA,Sumter County
525,13263,GA,Talbot County
526,13265,GA,Taliaferro County
527,13267,GA,Tattnall County
528,13269,GA,Taylor County
529,13271,GA,Telfair County
530,13273,GA,Terrell County
531,13275,GA,Thomas County
532,13277,GA,Tift County
533,13279,GA,Toombs County
534,13281,GA,Towns County
535,13283,GA,Treutlen County
536,13285,GA,Troup County
537,13287,GA,Turner County
538,13289,GA,Twiggs County
539,13291,GA,Union County
540,13293,GA,Upson County
541,13295,GA,Walker County
542,13297,GA,Walton County
543,13299,GA,Ware County
544,13301,GA,Warren County
545,13303,GA,Washington County
546,13305,GA,Wayne County
547,13307,GA,Webster County
548,13309,GA,Wheeler County
549,13311,GA,White County
550,13313,GA,Whitfield County
551,13315,GA,Wilcox County
552,13317,GA,Wilkes County
553,13319,GA,Wilkinson County
554,13321,GA,Worth County
555,15001,HI,Hawaii County
556,15003,HI,Honolulu County
557,15005,HI,Kalawao County
558,15007,HI,Kauai County
559,15009,HI,Maui County
560,16001,ID,Ada County
561,16003,ID,Adams County
562,16005,ID,Bannock County
563,16007,ID,Bear Lake County
564,16009,ID,Benewah County
565,16011,ID,Bingham County
566,16013,ID,Blaine County
567,16015,ID,Boise County
568,16017,ID,Bonner County
569,16019,ID,Bonneville County
570,16021,ID,Boundary County
571,16023,ID,Butte County
572,16025,ID,Camas County
573,16027,ID,Canyon County
574,16029,ID,Caribou County
575,16031,ID,Cassia County
576,16033,ID,Clark County
577,16035,ID,Clearwater County
578,16037,ID,Custer County
579,16039,ID,Elmore County
580,16041,ID,Franklin County
581,16043,ID,Fremont County
582,16045,ID,Gem County
583,16047,ID,Gooding County
584,16049,ID,Idaho County
585,16051,ID,Jefferson County
586,16053,ID,Jerome County
587,16055,ID,Kootenai County
588,16057,ID,Latah County
589,16059,ID,Lemhi County
590,16061,ID,Lewis County
591,16063,ID,Lincoln County
592,16065,ID,Madison County
593,16067,ID,Minidoka County
594,16069,ID,Nez Perce County
595,16071,ID,Oneida County
596,16073,ID,Owyhee County
597,16075,ID,Payette County
598,16077,ID,Power County
599,16079,ID,Shoshone County
600,16081,ID,Teton County
601,16083,ID,Twin Falls County
602,16085,ID,Valley County
603,16087,ID,Washington County
604,17001,IL,Adams County
605,17003,IL,Alexander County
606,17005,IL,Bond County
607,17007,IL,Boone County
608,17009,IL,Brown County
609,17011,IL,Bureau County
610,17013,IL,Calhoun County
611,17015,IL,Carroll County
612,17017,IL,Cass County
613,17019,IL,Champaign County
614,17021,IL,Christian County
615,17023,IL,Clark County
616,17025,IL,Clay County
617,17027,IL,Clinton County
618,17029,IL,Coles County
619,17031,IL,Cook County
620,17033,IL,Crawford County
621,17035,IL,Cumberland County
622,17037,IL,DeKalb County
623,17039,IL,De Witt County
624,17041,IL,Douglas County
625,17043,IL,Dupage County
626,17043,IL,Du Page County
627,17045,IL,Edgar County
628,17047,IL,Edwards County
629,17049,IL,Effingham County
630,17051,IL,Fayette County
631,17053,IL,Ford County
632,17055,IL,Franklin County
633,17057,IL,Fulton County
634,17059,IL,Gallatin County
635,17061,IL,Greene County
636,17063,IL,Grundy County
637,17065,IL,Hamilton County
638,17067,IL,Hancock County
639,17069,IL,Hardin County
640,17071,IL,Henderson County
641,17073,IL,Henry County
642,17075,IL,Iroquois County
643,17077,IL,Jackson County
644,17079,IL,Jasper County
645,17081,IL,Jefferson County
646,17083,IL,Jersey County
647,17085,IL,Jo Daviess County
648,17087,IL,Johnson County
649,17089,IL,Kane County
650,17091,IL,Kankakee County
651,17093,IL,Kendall County
652,17095,IL,Knox County
653,17097,IL,Lake County
654,17099,IL,Lasalle County
655,17099,IL,La Salle County
656,17101,IL,Lawrence County
657,17103,IL,Lee County
658,17105,IL,Livingston County
659,17107,IL,Logan County
660,17109,IL,McDonough County
661,17111,IL,McHenry County
662,17113,IL,McLean County
663,17115,IL,Macon County
664,17117,IL,Macoupin County
665,17119,IL,Madison County
666,17121,IL,Marion County
667,17123,IL,Marshall County
668,17125,IL,Mason County
669,17127,IL,Massac County
670,17129,IL,Menard County
671,17131,IL,Mercer County
672,17133,IL,Monroe County
673,17135,IL,Montgomery County
674,17137,IL,Morgan County
675,17139,IL,Moultrie County
676,17141,IL,Ogle County
677,17143,IL,Peoria County
678,17145,IL,Perry County
679,17147,IL,Piatt County
680,17149,IL,Pike County
681,17151,IL,Pope County
682,17153,IL,Pulaski County
683,17155,IL,Putnam County
684,17157,IL,Randolph County
685,17159,IL,Richland County
686,17161,IL,Rock Island County
687,17163,IL,St. Clair County
688,17165,IL,Saline County
689,17167,IL,Sangamon County
690,17169,IL,Schuyler County
691,17171,IL,Scott County
692,17173,IL,Shelby County
693,17175,IL,Stark County
694,17177,IL,Stephenson County
695,17179,IL,Tazewell County
696,17181,IL,Union County
697,17183,IL,Vermilion County
698,17185,IL,Wabash County
699,17187,IL,Warren County
700,17189,IL,Washington County
701,17191,IL,Wayne County
702,17193,IL,White County
703,17195,IL,Whiteside County
704,17197,IL,Will County
705,17199,IL,Williamson County
706,17201,IL,Winnebago County
707,17203,IL,Woodford County
708,18001,IN,Adams County
709,18003,IN,Allen County
710,18005,IN,Bartholomew County
711,18007,IN,Benton County
712,18009,IN,Blackford County
713,18011,IN,Boone County
714,18013,IN,Brown County
715,18015,IN,Carroll County
716,18017,IN,Cass County
717,18019,IN,Clark County
718,18021,IN,Clay County
719,18023,IN,Clinton County
720,18025,IN,Crawford County
721,18027,IN,Daviess County
722,18029,IN,Dearborn County
723,18031,IN,Decatur County
724,18033,IN,DeKalb County
725,18033,IN,De Kalb County
726,18035,IN,Delaware County
727,18037,IN,Dubois County
728,18039,IN,Elkhart County
729,18041,IN,Fayette County
730,18043,IN,Floyd County
731,18045,IN,Fountain County
732,18047,IN,Franklin County
733,18049,IN,Fulton County
734,18051,IN,Gibson County
735,18053,IN,Grant County
736,18055,IN,Greene County
737,18057,IN,Hamilton County
738,18059,IN,Hancock County
739,18061,IN,Harrison County
740,18063,IN,Hendricks County
741,18065,IN,Henry County
742,18067,IN,Howard County
743,18069,IN,Huntington County
744,18071,IN,Jackson County
745,18073,IN,Jasper County
746,18075,IN,Jay County
747,18077,IN,Jefferson County
748,18079,IN,Jennings County
749,18081,IN,Johnson County
750,18083,IN,Knox County
751,18085,IN,Kosciusko County
752,18087,IN,Lagrange County
753,18089,IN,Lake County
754,18091,IN,Laporte County
755,18091,IN,La Porte County
756,18093,IN,Lawrence County
757,18095,IN,Madison County
758,18097,IN,Marion County
759,18099,IN,Marshall County
760,18101,IN,Martin County
761,18103,IN,Miami County
762,18105,IN,Monroe County
763,18107,IN,Montgomery County
764,18109,IN,Morgan County
765,18111,IN,Newton County
766,18113,IN,Noble County
767,18115,IN,Ohio County
768,18117,IN,Orange County
769,18119,IN,Owen County
770,18121,IN,Parke County
771,18123,IN,Perry County
772,18125,IN,Pike County
773,18127,IN,Porter County
774,18129,IN,Posey County
775,18131,IN,Pulaski County
776,18133,IN,Putnam County
777,18135,IN,Randolph County
778,18137,IN,Ripley County
779,18139,IN,Rush County
780,18141,IN,St. Joseph County
781,18143,IN,Scott County
782,18145,IN,Shelby County
783,18147,IN,Spencer County
784,18149,IN,Starke County
785,18151,IN,Steuben County
786,18153,IN,Sullivan County
787,18155,IN,Switzerland County
788,18157,IN,Tippecanoe County
789,18159,IN,Tipton County
790,18161,IN,Union County
791,18163,IN,Vanderburgh County
792,18165,IN,Vermillion County
793,18167,IN,Vigo County
794,18169,IN,Wabash County
795,18171,IN,Warren County
796,18173,IN,Warrick County
797,18175,IN,Washington County
798,18177,IN,Wayne County
799,18179,IN,Wells County
800,18181,IN,White County
801,18183,IN,Whitley County
802,19001,IA,Adair County
803,19003,IA,Adams County
804,19005,IA,Allamakee County
805,19007,IA,Appanoose County
806,19009,IA,Audubon County
807,19011,IA,Benton County
808,19013,IA,Black Hawk County
809,19015,IA,Boone County
810,19017,IA,Bremer County
811,19019,IA,Buchanan County
812,19021,IA,Buena Vista County
813,19023,IA,Butler County
814,19025,IA,Calhoun County
815,19027,IA,Carroll County
816,19029,IA,Cass County
817,19031,IA,Cedar County
818,19033,IA,Cerro Gordo County
819,19035,IA,Cherokee County
820,19037,IA,Chickasaw County
821,19039,IA,Clarke County
822,19041,IA,Clay County
823,19043,IA,Clayton County
824,19045,IA,Clinton County
825,19047,IA,Crawford County
826,19049,IA,Dallas County
827,19051,IA,Davis County
828,19053,IA,Decatur County
829,19055,IA,Delaware County
830,19057,IA,Des Moines County
831,19059,IA,Dickinson County
832,19061,IA,Dubuque County
833,19063,IA,Emmet County
834,19065,IA,Fayette County
835,19067,IA,Floyd County
836,19069,IA,Franklin County
837,19071,IA,Fremont County
838,19073,IA,Greene County
839,19075,IA,Grundy County
840,19077,IA,Guthrie County
841,19079,IA,Hamilton County
842,19081,IA,Hancock County
843,19083,IA,Hardin County
844,19085,IA,Harrison County
845,19087,IA,Henry County
846,19089,IA,Howard County
847,19091,IA,Humboldt County
848,19093,IA,Ida County
849,19095,IA,Iowa County
850,19097,IA,Jackson County
851,19099,IA,Jasper County
852,19101,IA,Jefferson County
853,19103,IA,Johnson County
854,19105,IA,Jones County
855,19107,IA,Keokuk County
856,19109,IA,Kossuth County
857,19111,IA,Lee County
858,19113,IA,Linn County
859,19115,IA,Louisa County
860,19117,IA,Lucas County
861,19119,IA,Lyon County
862,19121,IA,Madison County
863,19123,IA,Mahaska County
864,19125,IA,Marion County
865,19127,IA,Marshall County
866,19129,IA,Mills County
867,19131,IA,Mitchell County
868,19133,IA,Monona County
869,19135,IA,Monroe County
870,19137,IA,Montgomery County
871,19139,IA,Muscatine County
872,19141,IA,O'Brien County
873,19143,IA,Osceola County
874,19145,IA,Page County
875,19147,IA,Palo Alto County
876,19149,IA,Plymouth County
877,19151,IA,Pocahontas County
878,19153,IA,Polk County
879,19155,IA,Pottawattamie County
880,19157,IA,Poweshiek County
881,19159,IA,Ringgold County
882,19161,IA,Sac County
883,19163,IA,Scott County
884,19165,IA,Shelby County
885,19167,IA,Sioux County
886,19169,IA,Story County
887,19171,IA,Tama County
888,19173,IA,Taylor County
889,19175,IA,Union County
890,19177,IA,Van Buren County
891,19179,IA,Wapello County
892,19181,IA,Warren County
893,19183,IA,Washington County
894,19185,IA,Wayne County
895,19187,IA,Webster County
896,19189,IA,Winnebago County
897,19191,IA,Winneshiek County
898,19193,IA,Woodbury County
899,19195,IA,Worth County
900,19197,IA,Wright County
901,20001,KS,Allen County
902,20003,KS,Anderson County
903,20005,KS,Atchison County
904,20007,KS,Barber County
905,20009,KS,Barton County
906,20011,KS,Bourbon County
907,20013,KS,Brown County
908,20015,KS,Butler County
909,20017,KS,Chase County
910,20019,KS,Chautauqua County
911,20021,KS,Cherokee County
912,20023,KS,Cheyenne County
913,20025,KS,Clark County
914,20027,KS,Clay County
915,20029,KS,Cloud County
916,20031,KS,Coffey County
917,20033,KS,Comanche County
918,20035,KS,Cowley County
919,20037,KS,Crawford County
920,20039,KS,Decatur County
921,20041,KS,Dickinson County
922,20043,KS,Doniphan County
923,20045,KS,Douglas County
924,20047,KS,Edwards County
925,20049,KS,Elk County
926,20051,KS,Ellis County
927,20053,KS,Ellsworth County
928,20055,KS,Finney County
929,20057,KS,Ford County
930,20059,KS,Franklin County
931,20061,KS,Geary County
932,20063,KS,Gove County
933,20065,KS,Graham County
934,20067,KS,Grant County
935,20069,KS,Gray County
936,20071,KS,Greeley County
937,20073,KS,Greenwood County
938,20075,KS,Hamilton County
939,20077,KS,Harper County
940,20079,KS,Harvey County
941,20081,KS,Haskell County
942,20083,KS,Hodgeman County
943,20085,KS,Jackson County
944,20087,KS,Jefferson County
945,20089,KS,Jewell County
946,20091,KS,Johnson County
947,20093,KS,Kearny County
948,20095,KS,Kingman County
949,20097,KS,Kiowa County
950,20099,KS,Labette County
951,20101,KS,Lane County
952,20103,KS,Leavenworth County
953,20105,KS,Lincoln County
954,20107,KS,Linn County
955,20109,KS,Logan County
956,20111,KS,Lyon County
957,20113,KS,McPherson County
958,20115,KS,Marion County
959,20117,KS,Marshall County
960,20119,KS,Meade County
961,20121,KS,Miami County
962,20123,KS,Mitchell County
963,20125,KS,Montgomery County
964,20127,KS,Morris County
965,20129,KS,Morton County
966,20131,KS,Nemaha County
967,20133,KS,Neosho County
968,20135,KS,Ness County
969,20137,KS,Norton County
970,20139,KS,Osage County
971,20141,KS,Osborne County
972,20143,KS,Ottawa County
973,20145,KS,Pawnee County
974,20147,KS,Phillips County
975,20149,KS,Pottawatomie County
976,20151,KS,Pratt County
977,20153,KS,Rawlins County
978,20155,KS,Reno County
979,20157,KS,Republic County
980,20159,KS,Rice County
981,20161,KS,Riley County
982,20163,KS,Rooks County
983,20165,KS,Rush County
984,20167,KS,Russell County
985,20169,KS,Saline County
986,20171,KS,Scott County
987,20173,KS,Sedgwick County
988,20175,KS,Seward County
989,20177,KS,Shawnee County
990,20179,KS,Sheridan County
991,20181,KS,Sherman County
992,20183,KS,Smith County
993,20185,KS,Stafford County
994,20187,KS,Stanton County
995,20189,KS,Stevens County
996,20191,KS,Sumner County
997,20193,KS,Thomas County
998,20195,KS,Trego County
999,20197,KS,Wabaunsee County
1000,20199,KS,Wallace County
1001,20201,KS,Washington County
1002,20203,KS,Wichita County
1003,20205,KS,Wilson County
1004,20207,KS,Woodson County
1005,20209,KS,Wyandotte County
1006,21001,KY,Adair County
1007,21003,KY,Allen County
1008,21005,KY,Anderson County
1009,21007,KY,Ballard County
1010,21009,KY,Barren County
1011,21011,KY,Bath County
1012,21013,KY,Bell County
1013,21015,KY,Boone County
1014,21017,KY,Bourbon County
1015,21019,KY,Boyd County
1016,21021,KY,Boyle County
1017,21023,KY,Bracken County
1018,21025,KY,Breathitt County
1019,21027,KY,Breckinridge County
1020,21029,KY,Bullitt County
1021,21031,KY,Butler County
1022,21033,KY,Caldwell County
1023,21035,KY,Calloway County
1024,21037,KY,Campbell County
1025,21039,KY,Carlisle County
1026,21041,KY,Carroll County
1027,21043,KY,Carter County
1028,21045,KY,Casey County
1029,21047,KY,Christian County
1030,21049,KY,Clark County
1031,21051,KY,Clay County
1032,21053,KY,Clinton County
1033,21055,KY,Crittenden County
1034,21057,KY,Cumberland County
1035,21059,KY,Daviess County
1036,21061,KY,Edmonson County
1037,21063,KY,Elliott County
1038,21065,KY,Estill County
1039,21067,KY,Fayette County
1040,21069,KY,Fleming County
1041,21071,KY,Floyd County
1042,21073,KY,Franklin County
1043,21075,KY,Fulton County
1044,21077,KY,Gallatin County
1045,21079,KY,Garrard County
1046,21081,KY,Grant County
1047,21083,KY,Graves County
1048,21085,KY,Grayson County
1049,21087,KY,Green County
1050,21089,KY,Greenup County
1051,21091,KY,Hancock County
1052,21093,KY,Hardin County
1053,21095,KY,Harlan County
1054,21097,KY,Harrison County
1055,21099,KY,Hart County
1056,21101,KY,Henderson County
1057,21103,KY,Henry County
1058,21105,KY,Hickman County
1059,21107,KY,Hopkins County
1060,21109,KY,Jackson County
1061,21111,KY,Jefferson County
1062,21113,KY,Jessamine County
1063,21115,KY,Johnson County
1064,21117,KY,Kenton County
1065,21119,KY,Knott County
1066,21121,KY,Knox County
1067,21123,KY,Larue County
1068,21125,KY,Laurel County
1069,21127,KY,Lawrence County
1070,21129,KY,Lee County
1071,21131,KY,Leslie County
1072,21133,KY,Letcher County
1073,21135,KY,Lewis County
1074,21137,KY,Lincoln County
1075,21139,KY,Livingston County
1076,21141,KY,Logan County
1077,21143,KY,Lyon County
1078,21145,KY,McCracken County
1079,21147,KY,McCreary County
1080,21149,KY,McLean County
1081,21151,KY,Madison County
1082,21153,KY,Magoffin County
1083,21155,KY,Marion County
1084,21157,KY,Marshall County
1085,21159,KY,Martin County
1086,21161,KY,Mason County
1087,21163,KY,Meade County
1088,21165,KY,Menifee County
1089,21167,KY,Mercer County
1090,21169,KY,Metcalfe County
1091,21171,KY,Monroe County
1092,21173,KY,Montgomery County
1093,21175,KY,Morgan County
1094,21177,KY,Muhlenberg County
1095,21179,KY,Nelson County
1096,21181,KY,Nicholas County
1097,21183,KY,Ohio County
1098,21185,KY,Oldham County
1099,21187,KY,Owen County
1100,21189,KY,Owsley County
1101,21191,KY,Pendleton County
1102,21193,KY,Perry County
1103,21195,KY,Pike County
1104,21197,KY,Powell County
1105,21199,KY,Pulaski County
1106,21201,KY,Robertson County
1107,21203,KY,Rockcastle County
1108,21205,KY,Rowan County
1109,21207,KY,Russell County
1110,21209,KY,Scott County
1111,21211,KY,Shelby County
1112,21213,KY,Simpson County
1113,21215,KY,Spencer County
1114,21217,KY,Taylor County
1115,21219,KY,Todd County
1116,21221,KY,Trigg County
1117,21223,KY,Trimble County
1118,21225,KY,Union County
1119,21227,KY,Warren County
1120,21229,KY,Washington County
1121,21231,KY,Wayne County
1122,21233,KY,Webster County
1123,21235,KY,Whitley County
1124,21237,KY,Wolfe County
1125,21239,KY,Woodford County
1126,22001,LA,Acadia Parish
1127,22003,LA,Allen Parish
1128,22005,LA,Ascension Parish
1129,22007,LA,Assumption Parish
1130,22009,LA,Avoyelles Parish
1131,22011,LA,Beauregard Parish
1132,22013,LA,Bienville Parish
1133,22015,LA,Bossier Parish
1134,22017,LA,Caddo Parish
1135,22019,LA,Calcasieu Parish
1136,22021,LA,Caldwell Parish
1137,22023,LA,Cameron Parish
1138,22025,LA,Catahoula Parish
1139,22027,LA,Claiborne Parish
1140,22029,LA,Concordia Parish
1141,22031,LA,De Soto Parish
1142,22033,LA,East Baton Rouge Parish
1143,22035,LA,East Carroll Parish
1144,22037,LA,East Feliciana Parish
1145,22039,LA,Evangeline Parish
1146,22041,LA,Franklin Parish
1147,22043,LA,Grant Parish
1148,22045,LA,Iberia Parish
1149,22047,LA,Iberville Parish
1150,22049,LA,Jackson Parish
1151,22051,LA,Jefferson Parish
1152,22053,LA,Jefferson Davis Parish
1153,22055,LA,Lafayette Parish
1154,22057,LA,Lafourche Parish
1155,22059,LA,Lasalle Parish
1156,22059,LA,La Salle Parish
1157,22061,LA,Lincoln Parish
1158,22063,LA,Livingston Parish
1159,22065,LA,Madison Parish
1160,22067,LA,Morehouse Parish
1161,22069,LA,Natchitoches Parish
1162,22071,LA,Orleans Parish
1163,22073,LA,Ouachita Parish
1164,22075,LA,Plaquemines Parish
1165,22077,LA,Pointe Coupee Parish
1166,22079,LA,Rapides Parish
1167,22081,LA,Red River Parish
1168,22083,LA,Richland Parish
1169,22085,LA,Sabine Parish
1170,22087,LA,St. Bernard Parish
1171,22089,LA,St. Charles Parish
1172,22091,LA,St. Helena Parish
1173,22093,LA,St. James Parish
1174,22095,LA,St. John the Baptist Parish
1175,22097,LA,St. Landry Parish
1176,22099,LA,St. Martin Parish
1177,22101,LA,St. Mary Parish
1178,22103,LA,St. Tammany Parish
1179,22105,LA,Tangipahoa Parish
1180,22107,LA,Tensas Parish
1181,22109,LA,Terrebonne Parish
1182,22111,LA,Union Parish
1183,22113,LA,Vermilion Parish
1184,22115,LA,Vernon Parish
1185,22117,LA,Washington Parish
1186,22119,LA,Webster Parish
1187,22121,LA,West Baton Rouge Parish
1188,22123,LA,West Carroll Parish
1189,22125,LA,West Feliciana Parish
1190,22127,LA,Winn Parish
1191,23001,ME,Androscoggin County
1192,23003,ME,Aroostook County
1193,23005,ME,Cumberland County
1194,23007,ME,Franklin County
1195,23009,ME,Hancock County
1196,23011,ME,Kennebec County
1197,23013,ME,Knox County
1198,23015,ME,Lincoln County
1199,23017,ME,Oxford County
1200,23019,ME,Penobscot County
1201,23021,ME,Piscataquis County
1202,23023,ME,Sagadahoc County
1203,23025,ME,Somerset County
1204,23027,ME,Waldo County
1205,23029,ME,Washington County
1206,23031,ME,York County
1207,24001,MD,Allegany County
1208,24003,MD,Anne Arundel County
1209,24005,MD,Baltimore County
1210,24009,MD,Calvert County
1211,24011,MD,Caroline County
1212,24013,MD,Carroll County
1213,24015,MD,Cecil County
1214,24017,MD,Charles County
1215,24019,MD,Dorchester County
1216,24021,MD,Frederick County
1217,24023,MD,Garrett County
1218,24025,MD,Harford County
1219,24027,MD,Howard County
1220,24029,MD,Kent County
1221,24031,MD,Montgomery County
1222,24033,MD,Prince George's County
1223,24035,MD,Queen Anne's County
1224,24037,MD,St. Mary's County
1225,24039,MD,Somerset County
1226,24041,MD,Talbot County
1227,24043,MD,Washington County
1228,24045,MD,Wicomico County
1229,24047,MD,Worcester County
1230,24510,MD,Baltimore city
1231,25001,MA,Barnstable County
1232,25003,MA,Berkshire County
1233,25005,MA,Bristol County
1234,25007,MA,Dukes County
1235,25009,MA,Essex County
1236,25011,MA,Franklin County
1237,25013,MA,Hampden County
1238,25015,MA,Hampshire County
1239,25017,MA,Middlesex County
1240,25019,MA,Nantucket County
1241,25021,MA,Norfolk County
1242,25023,MA,Plymouth County
1243,25025,MA,Suffolk County
1244,25027,MA,Worcester County
1245,26001,MI,Alcona County
1246,26003,MI,Alger County
1247,26005,MI,Allegan County
1248,26007,MI,Alpena County
1249,26009,MI,Antrim County
1250,26011,MI,Arenac County
1251,26013,MI,Baraga County
1252,26015,MI,Barry County
1253,26017,MI,Bay County
1254,26019,MI,Benzie County
1255,26021,MI,Berrien County
1256,26023,MI,Branch County
1257,26025,MI,Calhoun County
1258,26027,MI,Cass County
1259,26029,MI,Charlevoix County
1260,26031,MI,Cheboygan County
1261,26033,MI,Chippewa County
1262,26035,MI,Clare County
1263,26037,MI,Clinton County
1264,26039,MI,Crawford County
1265,26041,MI,Delta County
1266,26043,MI,Dickinson County
1267,26045,MI,Eaton County
1268,26047,MI,Emmet County
1269,26049,MI,Genesee County
1270,26051,MI,Gladwin County
1271,26053,MI,Gogebic County
1272,26055,MI,Grand Traverse County
1273,26057,MI,Gratiot County
1274,26059,MI,Hillsdale County
1275,26061,MI,Houghton County
1276,26063,MI,Huron County
1277,26065,MI,Ingham County
1278,26067,MI,Ionia County
1279,26069,MI,Iosco County
1280,26071,MI,Iron County
1281,26073,MI,Isabella County
1282,26075,MI,Jackson County
1283,26077,MI,Kalamazoo County
1284,26079,MI,Kalkaska County
1285,26081,MI,Kent County
1286,26083,MI,Keweenaw County
1287,26085,MI,Lake County
1288,26087,MI,Lapeer County
1289,26089,MI,Leelanau County
1290,26091,MI,Lenawee County
1291,26093,MI,Livingston County
1292,26095,MI,Luce County
1293,26097,MI,Mackinac County
1294,26099,MI,Macomb County
1295,26101,MI,Manistee County
1296,26103,MI,Marquette County
1297,26105,MI,Mason County
1298,26107,MI,Mecosta County
1299,26109,MI,Menominee County
1300,26111,MI,Midland County
1301,26113,MI,Missaukee County
1302,26115,MI,Monroe County
1303,26117,MI,Montcalm County
1304,26119,MI,Montmorency County
1305,26121,MI,Muskegon County
1306,26123,MI,Newaygo County
1307,26125,MI,Oakland County
1308,26127,MI,Oceana County
1309,26129,MI,Ogemaw County
1310,26131,MI,Ontonagon County
1311,26133,MI,Osceola County
1312,26135,MI,Oscoda County
1313,26137,MI,Otsego County
1314,26139,MI,Ottawa County
1315,26141,MI,Presque Isle County
1316,26143,MI,Roscommon County
1317,26145,MI,Saginaw County
1318,26147,MI,St. Clair County
1319,26149,MI,St. Joseph County
1320,26151,MI,Sanilac County
1321,26153,MI,Schoolcraft County
1322,26155,MI,Shiawassee County
1323,26157,MI,Tuscola County
1324,26159,MI,Van Buren County
1325,26161,MI,Washtenaw County
1326,26163,MI,Wayne County
1327,26165,MI,Wexford County
1328,27001,MN,Aitkin County
1329,27003,MN,Anoka County
1330,27005,MN,Becker County
1331,27007,MN,Beltrami County
1332,27009,MN,Benton County
1333,27011,MN,Big Stone County
1334,27013,MN,Blue Earth County
1335,27015,MN,Brown County
1336,27017,MN,Carlton County
1337,27019,MN,Carver County
1338,27021,MN,Cass County
1339,27023,MN,Chippewa County
1340,27025,MN,Chisago County
1341,27027,MN,Clay County
1342,27029,MN,Clearwater County
1343,27031,MN,Cook County
1344,27033,MN,Cottonwood County
1345,27035,MN,Crow Wing County
1346,27037,MN,Dakota County
1347,27039,MN,Dodge County
1348,27041,MN,Douglas County
1349,27043,MN,Faribault County
1350,27045,MN,Fillmore County
1351,27047,MN,Freeborn County
1352,27049,MN,Goodhue County
1353,27051,MN,Grant County
1354,27053,MN,Hennepin County
1355,27055,MN,Houston County
1356,27057,MN,Hubbard County
1357,27059,MN,Isanti County
1358,27061,MN,Itasca County
1359,27063,MN,Jackson County
1360,27065,MN,Kanabec County
1361,27067,MN,Kandiyohi County
1362,27069,MN,Kittson County
1363,27071,MN,Koochiching County
1364,27073,MN,Lac qui Parle County
1365,27075,MN,Lake County
1366,27077,MN,Lake of the Woods County
1367,27079,MN,Le Sueur County
1368,27081,MN,Lincoln County
1369,27083,MN,Lyon County
1370,27085,MN,McLeod County
1371,27087,MN,Mahnomen County
1372,27089,MN,Marshall County
1373,27091,MN,Martin County
1374,27093,MN,Meeker County
1375,27095,MN,Mille Lacs County
1376,27097,MN,Morrison County
1377,27099,MN,Mower County
1378,27101,MN,Murray County
1379,27103,MN,Nicollet County
1380,27105,MN,Nobles County
1381,27107,MN,Norman County
1382,27109,MN,Olmsted County
1383,27111,MN,Otter Tail County
1384,27113,MN,Pennington County
1385,27115,MN,Pine County
1386,27117,MN,Pipestone County
1387,27119,MN,Polk County
1388,27121,MN,Pope County
1389,27123,MN,Ramsey County
1390,27125,MN,Red Lake County
1391,27127,MN,Redwood County
1392,27129,MN,Renville County
1393,27131,MN,Rice County
1394,27133,MN,Rock County
1395,27135,MN,Roseau County
1396,27137,MN,St. Louis County
1397,27139,MN,Scott County
1398,27141,MN,Sherburne County
1399,27143,MN,Sibley County
1400,27145,MN,Stearns County
1401,27147,MN,Steele County
1402,27149,MN,Stevens County
1403,27151,MN,Swift County
1404,27153,MN,Todd County
1405,27155,MN,Traverse County
1406,27157,MN,Wabasha County
1407,27159,MN,Wadena County
1408,27161,MN,Waseca County
1409,27163,MN,Washington County
1410,27165,MN,Watonwan County
1411,27167,MN,Wilkin County
1412,27169,MN,Winona County
1413,27171,MN,Wright County
1414,27173,MN,Yellow Medicine County
1415,28001,MS,Adams County
1416,28003,MS,Alcorn County
1417,28005,MS,Amite County
1418,28007,MS,Attala County
1419,28009,MS,Benton County
1420,28011,MS,Bolivar County
1421,28013,MS,Calhoun County
1422,28015,MS,Carroll County
1423,28017,MS,Chickasaw County
1424,28019,MS,Choctaw County
1425,28021,MS,Claiborne County
1426,28023,MS,Clarke County
1427,28025,MS,Clay County
1428,28027,MS,Coahoma County
1429,28029,MS,Copiah County
1430,28031,MS,Covington County
1431,28033,MS,Desoto County
1432,28033,MS,De Soto County
1433,28035,MS,Forrest County
1434,28037,MS,Franklin County
1435,28039,MS,George County
1436,28041,MS,Greene County
1437,28043,MS,Grenada County
1438,28045,MS,Hancock County
1439,28047,MS,Harrison County
1440,28049,MS,Hinds County
1441,28051,MS,Holmes County
1442,28053,MS,Humphreys County
1443,28055,MS,Issaquena County
1444,28057,MS,Itawamba County
1445,28059,MS,Jackson County
1446,28061,MS,Jasper County
1447,28063,MS,Jefferson County
1448,28065,MS,Jefferson Davis County
1449,28067,MS,Jones County
1450,28069,MS,Kemper County
1451,28071,MS,Lafayette County
1452,28073,MS,Lamar County
1453,28075,MS,Lauderdale County
1454,28077,MS,Lawrence County
1455,28079,MS,Leake County
1456,28081,MS,Lee County
1457,28083,MS,Leflore County
1458,28085,MS,Lincoln County
1459,28087,MS,Lowndes County
1460,28089,MS,Madison County
1461,28091,MS,Marion County
1462,28093,MS,Marshall County
1463,28095,MS,Monroe County
1464,28097,MS,Montgomery County
1465,28099,MS,Neshoba County
1466,28101,MS,Newton County
1467,28103,MS,Noxubee County
1468,28105,MS,Oktibbeha County
1469,28107,MS,Panola County
1470,28109,MS,Pearl River County
1471,28111,MS,Perry County
1472,28113,MS,Pike County
1473,28115,MS,Pontotoc County
1474,28117,MS,Prentiss County
1475,28119,MS,Quitman County
1476,28121,MS,Rankin County
1477,28123,MS,Scott County
1478,28125,MS,Sharkey County
1479,28127,MS,Simpson County
1480,28129,MS,Smith County
1481,28131,MS,Stone County
1482,28133,MS,Sunflower County
1483,28135,MS,Tallahatchie County
1484,28137,MS,Tate County
1485,28139,MS,Tippah County
1486,28141,MS,Tishomingo County
1487,28143,MS,Tunica County
1488,28145,MS,Union County
1489,28147,MS,Walthall County
1490,28149,MS,Warren County
1491,28151,MS,Washington County
1492,28153,MS,Wayne County
1493,28155,MS,Webster County
1494,28157,MS,Wilkinson County
1495,28159,MS,Winston County
1496,28161,MS,Yalobusha County
1497,28163,MS,Yazoo County
1498,29001,MO,Adair County
1499,29003,MO,Andrew County
1500,29005,MO,Atchison County
1501,29007,MO,Audrain County
1502,29009,MO,Barry County
1503,29011,MO,Barton County
1504,29013,MO,Bates County
1505,29015,MO,Benton County
1506,29017,MO,Bollinger County
1507,29019,MO,Boone County
1508,29021,MO,Buchanan County
1509,29023,MO,Butler County
1510,29025,MO,Caldwell County
1511,29027,MO,Callaway County
1512,29029,MO,Camden County
1513,29031,MO,Cape Girardeau County
1514,29033,MO,Carroll County
1515,29035,MO,Carter County
1516,29037,MO,Cass County
1517,29039,MO,Cedar County
1518,29041,MO,Chariton County
1519,29043,MO,Christian County
1520,29045,MO,Clark County
1521,29047,MO,Clay County
1522,29049,MO,Clinton County
1523,29051,MO,Cole County
1524,29053,MO,Cooper County
1525,29055,MO,Crawford County
1526,29057,MO,Dade County
1527,29059,MO,Dallas County
1528,29061,MO,Daviess County
1529,29063,MO,DeKalb County
1530,29065,MO,Dent County
1531,29067,MO,Douglas County
1532,29069,MO,Dunklin County
1533,29071,MO,Franklin County
1534,29073,MO,Gasconade County
1535,29075,MO,Gentry County
1536,29077,MO,Greene County
1537,29079,MO,Grundy County
1538,29081,MO,Harrison County
1539,29083,MO,Henry County
1540,29085,MO,Hickory County
1541,29087,MO,Holt County
1542,29089,MO,Howard County
1543,29091,MO,Howell County
1544,29093,MO,Iron County
1545,29095,MO,Jackson County
1546,29097,MO,Jasper County
1547,29099,MO,Jefferson County
1548,29101,MO,Johnson County
1549,29103,MO,Knox County
1550,29105,MO,Laclede County
1551,29107,MO,Lafayette County
1552,29109,MO,Lawrence County
1553,29111,MO,Lewis County
1554,29113,MO,Lincoln County
1555,29115,MO,Linn County
1556,29117,MO,Livingston County
1557,29119,MO,McDonald County
1558,29121,MO,Macon County
1559,29123,MO,Madison County
1560,29125,MO,Maries County
1561,29127,MO,Marion County
1562,29129,MO,Mercer County
1563,29131,MO,Miller County
1564,29133,MO,Mississippi County
1565,29135,MO,Moniteau County
1566,29137,MO,Monroe County
1567,29139,MO,Montgomery County
1568,29141,MO,Morgan County
1569,29143,MO,New Madrid County
1570,29145,MO,Newton County
1571,29147,MO,Nodaway County
1572,29149,MO,Oregon County
1573,29151,MO,Osage County
1574,29153,MO,Ozark County
1575,29155,MO,Pemiscot County
1576,29157,MO,Perry County
1577,29159,MO,Pettis County
1578,29161,MO,Phelps County
1579,29163,MO,Pike County
1580,29165,MO,Platte County
1581,29167,MO,Polk County
1582,29169,MO,Pulaski County
1583,29171,MO,Putnam County
1584,29173,MO,Ralls County
1585,29175,MO,Randolph County
1586,29177,MO,Ray County
1587,29179,MO,Reynolds County
1588,29181,MO,Ripley County
1589,29183,MO,St. Charles County
1590,29185,MO,St. Clair County
1591,29186,MO,Ste. Genevieve County
1592,29187,MO,St. Francois County
1593,29189,MO,St. Louis County
1594,29195,MO,Saline County
1595,29197,MO,Schuyler County
1596,29199,MO,Scotland County
1597,29201,MO,Scott County
1598,29203,MO,Shannon County
1599,29205,MO,Shelby County
1600,29207,MO,Stoddard County
1601,29209,MO,Stone County
1602,29211,MO,Sullivan County
1603,29213,MO,Taney County
1604,29215,MO,Texas County
1605,29217,MO,Vernon County
1606,29219,MO,Warren County
1607,29221,MO,Washington County
1608,29223,MO,Wayne County
1609,29225,MO,Webster County
1610,29227,MO,Worth County
1611,29229,MO,Wright County
1612,29510,MO,St. Louis city
1613,30001,MT,Beaverhead County
1614,30003,MT,Big Horn County
1615,30005,MT,Blaine County
1616,30007,MT,Broadwater County
1617,30009,MT,Carbon County
1618,30011,MT,Carter County
1619,30013,MT,Cascade County
1620,30015,MT,Chouteau County
1621,30017,MT,Custer County
1622,30019,MT,Daniels County
1623,30021,MT,Dawson County
1624,30023,MT,Deer Lodge County
1625,30025,MT,Fallon County
1626,30027,MT,Fergus County
1627,30029,MT,Flathead County
1628,30031,MT,Gallatin County
1629,30033,MT,Garfield County
1630,30035,MT,Glacier County
1631,30037,MT,Golden Valley County
1632,30039,MT,Granite County
1633,30041,MT,Hill County
1634,30043,MT,Jefferson County
1635,30045,MT,Judith Basin County
1636,30047,MT,Lake County
1637,30049,MT,Lewis and Clark County
1638,30051,MT,Liberty County
1639,30053,MT,Lincoln County
1640,30055,MT,McCone County
1641,30057,MT,Madison County
1642,30059,MT,Meagher County
1643,30061,MT,Mineral County
1644,30063,MT,Missoula County
1645,30065,MT,Musselshell County
1646,30067,MT,Park County
1647,30069,MT,Petroleum County
1648,30071,MT,Phillips County
1649,30073,MT,Pondera County
1650,30075,MT,Powder River County
1651,30077,MT,Powell County
1652,30079,MT,Prairie County
1653,30081,MT,Ravalli County
1654,30083,MT,Richland County
1655,30085,MT,Roosevelt County
1656,30087,MT,Rosebud County
1657,30089,MT,Sanders County
1658,30091,MT,Sheridan County
1659,30093,MT,Silver Bow County
1660,30095,MT,Stillwater County
1661,30097,MT,Sweet Grass County
1662,30099,MT,Teton County
1663,30101,MT,Toole County
1664,30103,MT,Treasure County
1665,30105,MT,Valley County
1666,30107,MT,Wheatland County
1667,30109,MT,Wibaux County
1668,30111,MT,Yellowstone County
1669,31001,NE,Adams County
1670,31003,NE,Antelope County
1671,31005,NE,Arthur County
1672,31007,NE,Banner County
1673,31009,NE,Blaine County
1674,31011,NE,Boone County
1675,31013,NE,Box Butte County
1676,31015,NE,Boyd County
1677,31017,NE,Brown County
1678,31019,NE,Buffalo County
1679,31021,NE,Burt County
1680,31023,NE,Butler County
1681,31025,NE,Cass County
1682,31027,NE,Cedar County
1683,31029,NE,Chase County
1684,31031,NE,Cherry County
1685,31033,NE,Cheyenne County
1686,31035,NE,Clay County
1687,31037,NE,Colfax County
1688,31039,NE,Cuming County
1689,31041,NE,Custer County
1690,31043,NE,Dakota County
1691,31045,NE,Dawes County
1692,31047,NE,Dawson County
1693,31049,NE,Deuel County
1694,31051,NE,Dixon County
1695,31053,NE,Dodge County
1696,31055,NE,Douglas County
1697,31057,NE,Dundy County
1698,31059,NE,Fillmore County
1699,31061,NE,Franklin County
1700,31063,NE,Frontier County
1701,31065,NE,Furnas County
1702,31067,NE,Gage County
1703,31069,NE,Garden County
1704,31071,NE,Garfield County
1705,31073,NE,Gosper County
1706,31075,NE,Grant County
1707,31077,NE,Greeley County
1708,31079,NE,Hall County
1709,31081,NE,Hamilton County
1710,31083,NE,Harlan County
1711,31085,NE,Hayes County
1712,31087,NE,Hitchcock County
1713,31089,NE,Holt County
1714,31091,NE,Hooker County
1715,31093,NE,Howard County
1716,31095,NE,Jefferson County
1717,31097,NE,Johnson County
1718,31099,NE,Kearney County
1719,31101,NE,Keith County
1720,31103,NE,Keya Paha County
1721,31105,NE,Kimball County
1722,31107,NE,Knox County
1723,31109,NE,Lancaster County
1724,31111,NE,Lincoln County
1725,31113,NE,Logan County
1726,31115,NE,Loup County
1727,31117,NE,McPherson County
1728,31119,NE,Madison County
1729,31121,NE,Merrick County
1730,31123,NE,Morrill County
1731,31125,NE,Nance County
1732,31127,NE,Nemaha County
1733,31129,NE,Nuckolls County
1734,31131,NE,Otoe County
1735,31133,NE,Pawnee County
1736,31135,NE,Perkins County
1737,31137,NE,Phelps County
1738,31139,NE,Pierce County
1739,31141,NE,Platte County
1740,31143,NE,Polk County
1741,31145,NE,Red Willow County
1742,31147,NE,Richardson County
1743,31149,NE,Rock County
1744,31151,NE,Saline County
1745,31153,NE,Sarpy County
1746,31155,NE,Saunders County
1747,31157,NE,Scotts Bluff County
1748,31159,NE,Seward County
1749,31161,NE,Sheridan County
1750,31163,NE,Sherman County
1751,31165,NE,Sioux County
1752,31167,NE,Stanton County
1753,31169,NE,Thayer County
1754,31171,NE,Thomas County
1755,31173,NE,Thurston County
1756,31175,NE,Valley County
1757,31177,NE,Washington County
1758,31179,NE,Wayne County
1759,31181,NE,Webster County
1760,31183,NE,Wheeler County
1761,31185,NE,York County
1762,32001,NV,Churchill County
1763,32003,NV,Clark County
1764,32005,NV,Douglas County
1765,32007,NV,Elko County
1766,32009,NV,Esmeralda County
1767,32011,NV,Eureka County
1768,32013,NV,Humboldt County
1769,32015,NV,Lander County
1770,32017,NV,Lincoln County
1771,32019,NV,Lyon County
1772,32021,NV,Mineral County
1773,32023,NV,Nye County
1774,32027,NV,Pershing County
1775,32029,NV,Storey County
1776,32031,NV,Washoe County
1777,32033,NV,White Pine County
1778,32510,NV,Carson City
1779,33001,NH,Belknap County
1780,33003,NH,Carroll County
1781,33005,NH,Cheshire County
1782,33007,NH,Coos County
1783,33009,NH,Grafton County
1784,33011,NH,Hillsborough County
1785,33013,NH,Merrimack County
1786,33015,NH,Rockingham County
1787,33017,NH,Strafford County
1788,33019,NH,Sullivan County
1789,34001,NJ,Atlantic County
1790,34003,NJ,Bergen County
1791,34005,NJ,Burlington County
1792,34007,NJ,Camden County
1793,34009,NJ,Cape May County
1794,34011,NJ,Cumberland County
1795,34013,NJ,Essex County
1796,34015,NJ,Gloucester County
1797,34017,NJ,Hudson County
1798,34019,NJ,Hunterdon County
1799,34021,NJ,Mercer County
1800,34023,NJ,Middlesex County
1801,34025,NJ,Monmouth County
1802,34027,NJ,Morris County
1803,34029,NJ,Ocean County
1804,34031,NJ,Passaic County
1805,34033,NJ,Salem County
1806,34035,NJ,Somerset County
1807,34037,NJ,Sussex County
1808,34039,NJ,Union County
1809,34041,NJ,Warren County
1810,35001,NM,Bernalillo County
1811,35003,NM,Catron County
1812,35005,NM,Chaves County
1813,35006,NM,Cibola County
1814,35007,NM,Colfax County
1815,35009,NM,Curry County
1816,35011,NM,De Baca County
1817,35011,NM,DeBaca County
1818,35013,NM,Doa Ana County
1819,35013,NM,Dona Ana County
1820,35015,NM,Eddy County
1821,35017,NM,Grant County
1822,35019,NM,Guadalupe County
1823,35021,NM,Harding County
1824,35023,NM,Hidalgo County
1825,35025,NM,Lea County
1826,35027,NM,Lincoln County
1827,35028,NM,Los Alamos County
1828,35029,NM,Luna County
1829,35031,NM,McKinley County
1830,35033,NM,Mora County
1831,35035,NM,Otero County
1832,35037,NM,Quay County
1833,35039,NM,Rio Arriba County
1834,35041,NM,Roosevelt County
1835,35043,NM,Sandoval County
1836,35045,NM,San Juan County
1837,35047,NM,San Miguel County
1838,35049,NM,Santa Fe County
1839,35051,NM,Sierra County
1840,35053,NM,Socorro County
1841,35055,NM,Taos County
1842,35057,NM,Torrance County
1843,35059,NM,Union County
1844,35061,NM,Valencia County
1845,36001,NY,Albany County
1846,36003,NY,Allegany County
1847,36005,NY,Bronx County
1848,36007,NY,Broome County
1849,36009,NY,Cattaraugus County
1850,36011,NY,Cayuga County
1851,36013,NY,Chautauqua County
1852,36015,NY,Chemung County
1853,36017,NY,Chenango County
1854,36019,NY,Clinton County
1855,36021,NY,Columbia County
1856,36023,NY,Cortland County
1857,36025,NY,Delaware County
1858,36027,NY,Dutchess County
1859,36029,NY,Erie County
1860,36031,NY,Essex County
1861,36033,NY,Franklin County
1862,36035,NY,Fulton County
1863,36037,NY,Genesee County
1864,36039,NY,Greene County
1865,36041,NY,Hamilton County
1866,36043,NY,Herkimer County
1867,36045,NY,Jefferson County
1868,36047,NY,Kings County
1869,36049,NY,Lewis County
1870,36051,NY,Livingston County
1871,36053,NY,Madison County
1872,36055,NY,Monroe County
1873,36057,NY,Montgomery County
1874,36059,NY,Nassau County
1875,36061,NY,New York County
1876,36063,NY,Niagara County
1877,36065,NY,Oneida County
1878,36067,NY,Onondaga County
1879,36069,NY,Ontario County
1880,36071,NY,Orange County
1881,36073,NY,Orleans County
1882,36075,NY,Oswego County
1883,36077,NY,Otsego County
1884,36079,NY,Putnam County
1885,36081,NY,Queens County
1886,36083,NY,Rensselaer County
1887,36085,NY,Richmond County
1888,36087,NY,Rockland County
1889,36089,NY,St. Lawrence County
1890,36091,NY,Saratoga County
1891,36093,NY,Schenectady County
1892,36095,NY,Schoharie County
1893,36097,NY,Schuyler County
1894,36099,NY,Seneca County
1895,36101,NY,Steuben County
1896,36103,NY,Suffolk County
1897,36105,NY,Sullivan County
1898,36107,NY,Tioga County
1899,36109,NY,Tompkins County
1900,36111,NY,Ulster County
1901,36113,NY,Warren County
1902,36115,NY,Washington County
1903,36117,NY,Wayne County
1904,36119,NY,Westchester County
1905,36121,NY,Wyoming County
1906,36123,NY,Yates County
1907,37001,NC,Alamance County
1908,37003,NC,Alexander County
1909,37005,NC,Alleghany County
1910,37007,NC,Anson County
1911,37009,NC,Ashe County
1912,37011,NC,Avery County
1913,37013,NC,Beaufort County
1914,37015,NC,Bertie County
1915,37017,NC,Bladen County
1916,37019,NC,Brunswick County
1917,37021,NC,Buncombe County
1918,37023,NC,Burke County
1919,37025,NC,Cabarrus County
1920,37027,NC,Caldwell County
1921,37029,NC,Camden County
1922,37031,NC,Carteret County
1923,37033,NC,Caswell County
1924,37035,NC,Catawba County
1925,37037,NC,Chatham County
1926,37039,NC,Cherokee County
1927,37041,NC,Chowan County
1928,37043,NC,Clay County
1929,37045,NC,Cleveland County
1930,37047,NC,Columbus County
1931,37049,NC,Craven County
1932,37051,NC,Cumberland County
1933,37053,NC,Currituck County
1934,37055,NC,Dare County
1935,37057,NC,Davidson County
1936,37059,NC,Davie County
1937,37061,NC,Duplin County
1938,37063,NC,Durham County
1939,37065,NC,Edgecombe County
1940,37067,NC,Forsyth County
1941,37069,NC,Franklin County
1942,37071,NC,Gaston County
1943,37073,NC,Gates County
1944,37075,NC,Graham County
1945,37077,NC,Granville County
1946,37079,NC,Greene County
1947,37081,NC,Guilford County
1948,37083,NC,Halifax County
1949,37085,NC,Harnett County
1950,37087,NC,Haywood County
1951,37089,NC,Henderson County
1952,37091,NC,Hertford County
1953,37093,NC,Hoke County
1954,37095,NC,Hyde County
1955,37097,NC,Iredell County
1956,37099,NC,Jackson County
1957,37101,NC,Johnston County
1958,37103,NC,Jones County
1959,37105,NC,Lee County
1960,37107,NC,Lenoir County
1961,37109,NC,Lincoln County
1962,37111,NC,McDowell County
1963,37113,NC,Macon County
1964,37115,NC,Madison County
1965,37117,NC,Martin County
1966,37119,NC,Mecklenburg County
1967,37121,NC,Mitchell County
1968,37123,NC,Montgomery County
1969,37125,NC,Moore County
1970,37127,NC,Nash County
1971,37129,NC,New Hanover County
1972,37131,NC,Northampton County
1973,37133,NC,Onslow County
1974,37135,NC,Orange County
1975,37137,NC,Pamlico County
1976,37139,NC,Pasquotank County
1977,37141,NC,Pender County
1978,37143,NC,Perquimans County
1979,37145,NC,Person County
1980,37147,NC,Pitt County
1981,37149,NC,Polk County
1982,37151,NC,Randolph County
1983,37153,NC,Richmond County
1984,37155,NC,Robeson County
1985,37157,NC,Rockingham County
1986,37159,NC,Rowan County
1987,37161,NC,Rutherford County
1988,37163,NC,Sampson County
1989,37165,NC,Scotland County
1990,37167,NC,Stanly County
1991,37169,NC,Stokes County
1992,37171,NC,Surry County
1993,37173,NC,Swain County
1994,37175,NC,Transylvania County
1995,37177,NC,Tyrrell County
1996,37179,NC,Union County
1997,37181,NC,Vance County
1998,37183,NC,Wake County
1999,37185,NC,Warren County
2000,37187,NC,Washington County
2001,37189,NC,Watauga County
2002,37191,NC,Wayne County
2003,37193,NC,Wilkes County
2004,37195,NC,Wilson County
2005,37197,NC,Yadkin County
2006,37199,NC,Yancey County
2007,38001,ND,Adams County
2008,38003,ND,Barnes County
2009,38005,ND,Benson County
2010,38007,ND,Billings County
2011,38009,ND,Bottineau County
2012,38011,ND,Bowman County
2013,38013,ND,Burke County
2014,38015,ND,Burleigh County
2015,38017,ND,Cass County
2016,38019,ND,Cavalier County
2017,38021,ND,Dickey County
2018,38023,ND,Divide County
2019,38025,ND,Dunn County
2020,38027,ND,Eddy County
2021,38029,ND,Emmons County
2022,38031,ND,Foster County
2023,38033,ND,Golden Valley County
2024,38035,ND,Grand Forks County
2025,38037,ND,Grant County
2026,38039,ND,Griggs County
2027,38041,ND,Hettinger County
2028,38043,ND,Kidder County
2029,38045,ND,LaMoure County
2030,38047,ND,Logan County
2031,38049,ND,McHenry County
2032,38051,ND,McIntosh County
2033,38053,ND,McKenzie County
2034,38055,ND,McLean County
2035,38057,ND,Mercer County
2036,38059,ND,Morton County
2037,38061,ND,Mountrail County
2038,38063,ND,Nelson County
2039,38065,ND,Oliver County
2040,38067,ND,Pembina County
2041,38069,ND,Pierce County
2042,38071,ND,Ramsey County
2043,38073,ND,Ransom County
2044,38075,ND,Renville County
2045,38077,ND,Richland County
2046,38079,ND,Rolette County
2047,38081,ND,Sargent County
2048,38083,ND,Sheridan County
2049,38085,ND,Sioux County
2050,38087,ND,Slope County
2051,38089,ND,Stark County
2052,38091,ND,Steele County
2053,38093,ND,Stutsman County
2054,38095,ND,Towner County
2055,38097,ND,Traill County
2056,38099,ND,Walsh County
2057,38101,ND,Ward County
2058,38103,ND,Wells County
2059,38105,ND,Williams County
2060,39001,OH,Adams County
2061,39003,OH,Allen County
2062,39005,OH,Ashland County
2063,39007,OH,Ashtabula County
2064,39009,OH,Athens County
2065,39011,OH,Auglaize County
2066,39013,OH,Belmont County
2067,39015,OH,Brown County
2068,39017,OH,Butler County
2069,39019,OH,Carroll County
2070,39021,OH,Champaign County
2071,39023,OH,Clark County
2072,39025,OH,Clermont County
2073,39027,OH,Clinton County
2074,39029,OH,Columbiana County
2075,39031,OH,Coshocton County
2076,39033,OH,Crawford County
2077,39035,OH,Cuyahoga County
2078,39037,OH,Darke County
2079,39039,OH,Defiance County
2080,39041,OH,Delaware County
2081,39043,OH,Erie County
2082,39045,OH,Fairfield County
2083,39047,OH,Fayette County
2084,39049,OH,Franklin County
2085,39051,OH,Fulton County
2086,39053,OH,Gallia County
2087,39055,OH,Geauga County
2088,39057,OH,Greene County
2089,39059,OH,Guernsey County
2090,39061,OH,Hamilton County
2091,39063,OH,Hancock County
2092,39065,OH,Hardin County
2093,39067,OH,Harrison County
2094,39069,OH,Henry County
2095,39071,OH,Highland County
2096,39073,OH,Hocking County
2097,39075,OH,Holmes County
2098,39077,OH,Huron County
2099,39079,OH,Jackson County
2100,39081,OH,Jefferson County
2101,39083,OH,Knox County
2102,39085,OH,Lake County
2103,39087,OH,Lawrence County
2104,39089,OH,Licking County
2105,39091,OH,Logan County
2106,39093,OH,Lorain County
2107,39095,OH,Lucas County
2108,39097,OH,Madison County
2109,39099,OH,Mahoning County
2110,39101,OH,Marion County
2111,39103,OH,Medina County
2112,39105,OH,Meigs County
2113,39107,OH,Mercer County
2114,39109,OH,Miami County
2115,39111,OH,Monroe County
2116,39113,OH,Montgomery County
2117,39115,OH,Morgan County
2118,39117,OH,Morrow County
2119,39119,OH,Muskingum County
2120,39121,OH,Noble County
2121,39123,OH,Ottawa County
2122,39125,OH,Paulding County
2123,39127,OH,Perry County
2124,39129,OH,Pickaway County
2125,39131,OH,Pike County
2126,39133,OH,Portage County
2127,39135,OH,Preble County
2128,39137,OH,Putnam County
2129,39139,OH,Richland County
2130,39141,OH,Ross County
2131,39143,OH,Sandusky County
2132,39145,OH,Scioto County
2133,39147,OH,Seneca County
2134,39149,OH,Shelby County
2135,39151,OH,Stark County
2136,39153,OH,Summit County
2137,39155,OH,Trumbull County
2138,39157,OH,Tuscarawas County
2139,39159,OH,Union County
2140,39161,OH,Van Wert County
2141,39163,OH,Vinton County
2142,39165,OH,Warren County
2143,39167,OH,Washington County
2144,39169,OH,Wayne County
2145,39171,OH,Williams County
2146,39173,OH,Wood County
2147,39175,OH,Wyandot County
2148,40001,OK,Adair County
2149,40003,OK,Alfalfa County
2150,40005,OK,Atoka County
2151,40007,OK,Beaver County
2152,40009,OK,Beckham County
2153,40011,OK,Blaine County
2154,40013,OK,Bryan County
2155,40015,OK,Caddo County
2156,40017,OK,Canadian County
2157,40019,OK,Carter County
2158,40021,OK,Cherokee County
2159,40023,OK,Choctaw County
2160,40025,OK,Cimarron County
2161,40027,OK,Cleveland County
2162,40029,OK,Coal County
2163,40031,OK,Comanche County
2164,40033,OK,Cotton County
2165,40035,OK,Craig County
2166,40037,OK,Creek County
2167,40039,OK,Custer County
2168,40041,OK,Delaware County
2169,40043,OK,Dewey County
2170,40045,OK,Ellis County
2171,40047,OK,Garfield County
2172,40049,OK,Garvin County
2173,40051,OK,Grady County
2174,40053,OK,Grant County
2175,40055,OK,Greer County
2176,40057,OK,Harmon County
2177,40059,OK,Harper County
2178,40061,OK,Haskell County
2179,40063,OK,Hughes County
2180,40065,OK,Jackson County
2181,40067,OK,Jefferson County
2182,40069,OK,Johnston County
2183,40071,OK,Kay County
2184,40073,OK,Kingfisher County
2185,40075,OK,Kiowa County
2186,40077,OK,Latimer County
2187,40079,OK,Le Flore County
2188,40081,OK,Lincoln County
2189,40083,OK,Logan County
2190,40085,OK,Love County
2191,40087,OK,McClain County
2192,40089,OK,McCurtain County
2193,40091,OK,McIntosh County
2194,40093,OK,Major County
2195,40095,OK,Marshall County
2196,40097,OK,Mayes County
2197,40099,OK,Murray County
2198,40101,OK,Muskogee County
2199,40103,OK,Noble County
2200,40105,OK,Nowata County
2201,40107,OK,Okfuskee County
2202,40109,OK,Oklahoma County
2203,40111,OK,Okmulgee County
2204,40113,OK,Osage County
2205,40115,OK,Ottawa County
2206,40117,OK,Pawnee County
2207,40119,OK,Payne County
2208,40121,OK,Pittsburg County
2209,40123,OK,Pontotoc County
2210,40125,OK,Pottawatomie County
2211,40127,OK,Pushmataha County
2212,40129,OK,Roger Mills County
2213,40131,OK,Rogers County
2214,40133,OK,Seminole County
2215,40135,OK,Sequoyah County
2216,40137,OK,Stephens County
2217,40139,OK,Texas County
2218,40141,OK,Tillman County
2219,40143,OK,Tulsa County
2220,40145,OK,Wagoner County
2221,40147,OK,Washington County
2222,40149,OK,Washita County
2223,40151,OK,Woods County
2224,40153,OK,Woodward County
2225,41001,OR,Baker County
2226,41003,OR,Benton County
2227,41005,OR,Clackamas County
2228,41007,OR,Clatsop County
2229,41009,OR,Columbia County
2230,41011,OR,Coos County
2231,41013,OR,Crook County
2232,41015,OR,Curry County
2233,41017,OR,Deschutes County
2234,41019,OR,Douglas County
2235,41021,OR,Gilliam County
2236,41023,OR,Grant County
2237,41025,OR,Harney County
2238,41027,OR,Hood River County
2239,41029,OR,Jackson County
2240,41031,OR,Jefferson County
2241,41033,OR,Josephine County
2242,41035,OR,Klamath County
2243,41037,OR,Lake County
2244,41039,OR,Lane County
2245,41041,OR,Lincoln County
2246,41043,OR,Linn County
2247,41045,OR,Malheur County
2248,41047,OR,Marion County
2249,41049,OR,Morrow County
2250,41051,OR,Multnomah County
2251,41053,OR,Polk County
2252,41055,OR,Sherman County
2253,41057,OR,Tillamook County
2254,41059,OR,Umatilla County
2255,41061,OR,Union County
2256,41063,OR,Wallowa County
2257,41065,OR,Wasco County
2258,41067,OR,Washington County
2259,41069,OR,Wheeler County
2260,41071,OR,Yamhill County
2261,42001,PA,Adams County
2262,42003,PA,Allegheny County
2263,42005,PA,Armstrong County
2264,42007,PA,Beaver County
2265,42009,PA,Bedford County
2266,42011,PA,Berks County
2267,42013,PA,Blair County
2268,42015,PA,Bradford County
2269,42017,PA,Bucks County
2270,42019,PA,Butler County
2271,42021,PA,Cambria County
2272,42023,PA,Cameron County
2273,42025,PA,Carbon County
2274,42027,PA,Centre County
2275,42029,PA,Chester County
2276,42031,PA,Clarion County
2277,42033,PA,Clearfield County
2278,42035,PA,Clinton County
2279,42037,PA,Columbia County
2280,42039,PA,Crawford County
2281,42041,PA,Cumberland County
2282,42043,PA,Dauphin County
2283,42045,PA,Delaware County
2284,42047,PA,Elk County
2285,42049,PA,Erie County
2286,42051,PA,Fayette County
2287,42053,PA,Forest County
2288,42055,PA,Franklin County
2289,42057,PA,Fulton County
2290,42059,PA,Greene County
2291,42061,PA,Huntingdon County
2292,42063,PA,Indiana County
2293,42065,PA,Jefferson County
2294,42067,PA,Juniata County
2295,42069,PA,Lackawanna County
2296,42071,PA,Lancaster County
2297,42073,PA,Lawrence County
2298,42075,PA,Lebanon County
2299,42077,PA,Lehigh County
2300,42079,PA,Luzerne County
2301,42081,PA,Lycoming County
2302,42083,PA,McKean County
2303,42083,PA,Mc Kean County
2304,42085,PA,Mercer County
2305,42087,PA,Mifflin County
2306,42089,PA,Monroe County
2307,42091,PA,Montgomery County
2308,42093,PA,Montour County
2309,42095,PA,Northampton County
2310,42097,PA,Northumberland County
2311,42099,PA,Perry County
2312,42101,PA,Philadelphia County
2313,42103,PA,Pike County
2314,42105,PA,Potter County
2315,42107,PA,Schuylkill County
2316,42109,PA,Snyder County
2317,42111,PA,Somerset County
2318,42113,PA,Sullivan County
2319,42115,PA,Susquehanna County
2320,42117,PA,Tioga County
2321,42119,PA,Union County
2322,42121,PA,Venango County
2323,42123,PA,Warren County
2324,42125,PA,Washington County
2325,42127,PA,Wayne County
2326,42129,PA,Westmoreland County
2327,42131,PA,Wyoming County
2328,42133,PA,York County
2329,44001,RI,Bristol County
2330,44003,RI,Kent County
2331,44005,RI,Newport County
2332,44007,RI,Providence County
2333,44009,RI,Washington County
2334,45001,SC,Abbeville County
2335,45003,SC,Aiken County
2336,45005,SC,Allendale County
2337,45007,SC,Anderson County
2338,45009,SC,Bamberg County
2339,45011,SC,Barnwell County
2340,45013,SC,Beaufort County
2341,45015,SC,Berkeley County
2342,45017,SC,Calhoun County
2343,45019,SC,Charleston County
2344,45021,SC,Cherokee County
2345,45023,SC,Chester County
2346,45025,SC,Chesterfield County
2347,45027,SC,Clarendon County
2348,45029,SC,Colleton County
2349,45031,SC,Darlington County
2350,45033,SC,Dillon County
2351,45035,SC,Dorchester County
2352,45037,SC,Edgefield County
2353,45039,SC,Fairfield County
2354,45041,SC,Florence County
2355,45043,SC,Georgetown County
2356,45045,SC,Greenville County
2357,45047,SC,Greenwood County
2358,45049,SC,Hampton County
2359,45051,SC,Horry County
2360,45053,SC,Jasper County
2361,45055,SC,Kershaw County
2362,45057,SC,Lancaster County
2363,45059,SC,Laurens County
2364,45061,SC,Lee County
2365,45063,SC,Lexington County
2366,45065,SC,McCormick County
2367,45067,SC,Marion County
2368,45069,SC,Marlboro County
2369,45071,SC,Newberry County
2370,45073,SC,Oconee County
2371,45075,SC,Orangeburg County
2372,45077,SC,Pickens County
2373,45079,SC,Richland County
2374,45081,SC,Saluda County
2375,45083,SC,Spartanburg County
2376,45085,SC,Sumter County
2377,45087,SC,Union County
2378,45089,SC,Williamsburg County
2379,45091,SC,York County
2380,46003,SD,Aurora County
2381,46005,SD,Beadle County
2382,46007,SD,Bennett County
2383,46009,SD,Bon Homme County
2384,46011,SD,Brookings County
2385,46013,SD,Brown County
2386,46015,SD,Brule County
2387,46017,SD,Buffalo County
2388,46019,SD,Butte County
2389,46021,SD,Campbell County
2390,46023,SD,Charles Mix County
2391,46025,SD,Clark County
2392,46027,SD,Clay County
2393,46029,SD,Codington County
2394,46031,SD,Corson County
2395,46033,SD,Custer County
2396,46035,SD,Davison County
2397,46037,SD,Day County
2398,46039,SD,Deuel County
2399,46041,SD,Dewey County
2400,46043,SD,Douglas County
2401,46045,SD,Edmunds County
2402,46047,SD,Fall River County
2403,46049,SD,Faulk County
2404,46051,SD,Grant County
2405,46053,SD,Gregory County
2406,46055,SD,Haakon County
2407,46057,SD,Hamlin County
2408,46059,SD,Hand County
2409,46061,SD,Hanson County
2410,46063,SD,Harding County
2411,46065,SD,Hughes County
2412,46067,SD,Hutchinson County
2413,46069,SD,Hyde County
2414,46071,SD,Jackson County
2415,46073,SD,Jerauld County
2416,46075,SD,Jones County
2417,46077,SD,Kingsbury County
2418,46079,SD,Lake County
2419,46081,SD,Lawrence County
2420,46083,SD,Lincoln County
2421,46085,SD,Lyman County
2422,46087,SD,McCook County
2423,46089,SD,McPherson County
2424,46091,SD,Marshall County
2425,46093,SD,Meade County
2426,46095,SD,Mellette County
2427,46097,SD,Miner County
2428,46099,SD,Minnehaha County
2429,46101,SD,Moody County
2430,46103,SD,Pennington County
2431,46105,SD,Perkins County
2432,46107,SD,Potter County
2433,46109,SD,Roberts County
2434,46111,SD,Sanborn County
2435,46113,SD,Shannon County
2436,46115,SD,Spink County
2437,46117,SD,Stanley County
2438,46119,SD,Sully County
2439,46121,SD,Todd County
2440,46123,SD,Tripp County
2441,46125,SD,Turner County
2442,46127,SD,Union County
2443,46129,SD,Walworth County
2444,46135,SD,Yankton County
2445,46137,SD,Ziebach County
2446,47001,TN,Anderson County
2447,47003,TN,Bedford County
2448,47005,TN,Benton County
2449,47007,TN,Bledsoe County
2450,47009,TN,Blount County
2451,47011,TN,Bradley County
2452,47013,TN,Campbell County
2453,47015,TN,Cannon County
2454,47017,TN,Carroll County
2455,47019,TN,Carter County
2456,47021,TN,Cheatham County
2457,47023,TN,Chester County
2458,47025,TN,Claiborne County
2459,47027,TN,Clay County
2460,47029,TN,Cocke County
2461,47031,TN,Coffee County
2462,47033,TN,Crockett County
2463,47035,TN,Cumberland County
2464,47037,TN,Davidson County
2465,47039,TN,Decatur County
2466,47041,TN,De Kalb County
2467,47041,TN,DeKalb County
2468,47043,TN,Dickson County
2469,47045,TN,Dyer County
2470,47047,TN,Fayette County
2471,47049,TN,Fentress County
2472,47051,TN,Franklin County
2473,47053,TN,Gibson County
2474,47055,TN,Giles County
2475,47057,TN,Grainger County
2476,47059,TN,Greene County
2477,47061,TN,Grundy County
2478,47063,TN,Hamblen County
2479,47065,TN,Hamilton County
2480,47067,TN,Hancock County
2481,47069,TN,Hardeman County
2482,47071,TN,Hardin County
2483,47073,TN,Hawkins County
2484,47075,TN,Haywood County
2485,47077,TN,Henderson County
2486,47079,TN,Henry County
2487,47081,TN,Hickman County
2488,47083,TN,Houston County
2489,47085,TN,Humphreys County
2490,47087,TN,Jackson County
2491,47089,TN,Jefferson County
2492,47091,TN,Johnson County
2493,47093,TN,Knox County
2494,47095,TN,Lake County
2495,47097,TN,Lauderdale County
2496,47099,TN,Lawrence County
2497,47101,TN,Lewis County
2498,47103,TN,Lincoln County
2499,47105,TN,Loudon County
2500,47107,TN,McMinn County
2501,47109,TN,McNairy County
2502,47111,TN,Macon County
2503,47113,TN,Madison County
2504,47115,TN,Marion County
2505,47117,TN,Marshall County
2506,47119,TN,Maury County
2507,47121,TN,Meigs County
2508,47123,TN,Monroe County
2509,47125,TN,Montgomery County
2510,47127,TN,Moore County
2511,47129,TN,Morgan County
2512,47131,TN,Obion County
2513,47133,TN,Overton County
2514,47135,TN,Perry County
2515,47137,TN,Pickett County
2516,47139,TN,Polk County
2517,47141,TN,Putnam County
2518,47143,TN,Rhea County
2519,47145,TN,Roane County
2520,47147,TN,Robertson County
2521,47149,TN,Rutherford County
2522,47151,TN,Scott County
2523,47153,TN,Sequatchie County
2524,47155,TN,Sevier County
2525,47157,TN,Shelby County
2526,47159,TN,Smith County
2527,47161,TN,Stewart County
2528,47163,TN,Sullivan County
2529,47165,TN,Sumner County
2530,47167,TN,Tipton County
2531,47169,TN,Trousdale County
2532,47171,TN,Unicoi County
2533,47173,TN,Union County
2534,47175,TN,Van Buren County
2535,47177,TN,Warren County
2536,47179,TN,Washington County
2537,47181,TN,Wayne County
2538,47183,TN,Weakley County
2539,47185,TN,White County
2540,47187,TN,Williamson County
2541,47189,TN,Wilson County
2542,48001,TX,Anderson County
2543,48003,TX,Andrews County
2544,48005,TX,Angelina County
2545,48007,TX,Aransas County
2546,48009,TX,Archer County
2547,48011,TX,Armstrong County
2548,48013,TX,Atascosa County
2549,48015,TX,Austin County
2550,48017,TX,Bailey County
2551,48019,TX,Bandera County
2552,48021,TX,Bastrop County
2553,48023,TX,Baylor County
2554,48025,TX,Bee County
2555,48027,TX,Bell County
2556,48029,TX,Bexar County
2557,48031,TX,Blanco County
2558,48033,TX,Borden County
2559,48035,TX,Bosque County
2560,48037,TX,Bowie County
2561,48039,TX,Brazoria County
2562,48041,TX,Brazos County
2563,48043,TX,Brewster County
2564,48045,TX,Briscoe County
2565,48047,TX,Brooks County
2566,48049,TX,Brown County
2567,48051,TX,Burleson County
2568,48053,TX,Burnet County
2569,48055,TX,Caldwell County
2570,48057,TX,Calhoun County
2571,48059,TX,Callahan County
2572,48061,TX,Cameron County
2573,48063,TX,Camp County
2574,48065,TX,Carson County
2575,48067,TX,Cass County
2576,48069,TX,Castro County
2577,48071,TX,Chambers County
2578,48073,TX,Cherokee County
2579,48075,TX,Childress County
2580,48077,TX,Clay County
2581,48079,TX,Cochran County
2582,48081,TX,Coke County
2583,48083,TX,Coleman County
2584,48085,TX,Collin County
2585,48087,TX,Collingsworth County
2586,48089,TX,Colorado County
2587,48091,TX,Comal County
2588,48093,TX,Comanche County
2589,48095,TX,Concho County
2590,48097,TX,Cooke County
2591,48099,TX,Coryell County
2592,48101,TX,Cottle County
2593,48103,TX,Crane County
2594,48105,TX,Crockett County
2595,48107,TX,Crosby County
2596,48109,TX,Culberson County
2597,48111,TX,Dallam County
2598,48113,TX,Dallas County
2599,48115,TX,Dawson County
2600,48117,TX,Deaf Smith County
2601,48119,TX,Delta County
2602,48121,TX,Denton County
2603,48123,TX,DeWitt County
2604,48125,TX,Dickens County
2605,48127,TX,Dimmit County
2606,48129,TX,Donley County
2607,48131,TX,Duval County
2608,48133,TX,Eastland County
2609,48135,TX,Ector County
2610,48137,TX,Edwards County
2611,48139,TX,Ellis County
2612,48141,TX,El Paso County
2613,48143,TX,Erath County
2614,48145,TX,Falls County
2615,48147,TX,Fannin County
2616,48149,TX,Fayette County
2617,48151,TX,Fisher County
2618,48153,TX,Floyd County
2619,48155,TX,Foard County
2620,48157,TX,Fort Bend County
2621,48159,TX,Franklin County
2622,48161,TX,Freestone County
2623,48163,TX,Frio County
2624,48165,TX,Gaines County
2625,48167,TX,Galveston County
2626,48169,TX,Garza County
2627,48171,TX,Gillespie County
2628,48173,TX,Glasscock County
2629,48175,TX,Goliad County
2630,48177,TX,Gonzales County
2631,48179,TX,Gray County
2632,48181,TX,Grayson County
2633,48183,TX,Gregg County
2634,48185,TX,Grimes County
2635,48187,TX,Guadalupe County
2636,48189,TX,Hale County
2637,48191,TX,Hall County
2638,48193,TX,Hamilton County
2639,48195,TX,Hansford County
2640,48197,TX,Hardeman County
2641,48199,TX,Hardin County
2642,48201,TX,Harris County
2643,48203,TX,Harrison County
2644,48205,TX,Hartley County
2645,48207,TX,Haskell County
2646,48209,TX,Hays County
2647,48211,TX,Hemphill County
2648,48213,TX,Henderson County
2649,48215,TX,Hidalgo County
2650,48217,TX,Hill County
2651,48219,TX,Hockley County
2652,48221,TX,Hood County
2653,48223,TX,Hopkins County
2654,48225,TX,Houston County
2655,48227,TX,Howard County
2656,48229,TX,Hudspeth County
2657,48231,TX,Hunt County
2658,48233,TX,Hutchinson County
2659,48235,TX,Irion County
2660,48237,TX,Jack County
2661,48239,TX,Jackson County
2662,48241,TX,Jasper County
2663,48243,TX,Jeff Davis County
2664,48245,TX,Jefferson County
2665,48247,TX,Jim Hogg County
2666,48249,TX,Jim Wells County
2667,48251,TX,Johnson County
2668,48253,TX,Jones County
2669,48255,TX,Karnes County
2670,48257,TX,Kaufman County
2671,48259,TX,Kendall County
2672,48261,TX,Kenedy County
2673,48263,TX,Kent County
2674,48265,TX,Kerr County
2675,48267,TX,Kimble County
2676,48269,TX,King County
2677,48271,TX,Kinney County
2678,48273,TX,Kleberg County
2679,48275,TX,Knox County
2680,48277,TX,Lamar County
2681,48279,TX,Lamb County
2682,48281,TX,Lampasas County
2683,48283,TX,Lasalle County
2684,48283,TX,La Salle County
2685,48285,TX,Lavaca County
2686,48287,TX,Lee County
2687,48289,TX,Leon County
2688,48291,TX,Liberty County
2689,48293,TX,Limestone County
2690,48295,TX,Lipscomb County
2691,48297,TX,Live Oak County
2692,48299,TX,Llano County
2693,48301,TX,Loving County
2694,48303,TX,Lubbock County
2695,48305,TX,Lynn County
2696,48307,TX,McCulloch County
2697,48309,TX,McLennan County
2698,48311,TX,McMullen County
2699,48313,TX,Madison County
2700,48315,TX,Marion County
2701,48317,TX,Martin County
2702,48319,TX,Mason County
2703,48321,TX,Matagorda County
2704,48323,TX,Maverick County
2705,48325,TX,Medina County
2706,48327,TX,Menard County
2707,48329,TX,Midland County
2708,48331,TX,Milam County
2709,48333,TX,Mills County
2710,48335,TX,Mitchell County
2711,48337,TX,Montague County
2712,48339,TX,Montgomery County
2713,48341,TX,Moore County
2714,48343,TX,Morris County
2715,48345,TX,Motley County
2716,48347,TX,Nacogdoches County
2717,48349,TX,Navarro County
2718,48351,TX,Newton County
2719,48353,TX,Nolan County
2720,48355,TX,Nueces County
2721,48357,TX,Ochiltree County
2722,48359,TX,Oldham County
2723,48361,TX,Orange County
2724,48363,TX,Palo Pinto County
2725,48365,TX,Panola County
2726,48367,TX,Parker County
2727,48369,TX,Parmer County
2728,48371,TX,Pecos County
2729,48373,TX,Polk County
2730,48375,TX,Potter County
2731,48377,TX,Presidio County
2732,48379,TX,Rains County
2733,48381,TX,Randall County
2734,48383,TX,Reagan County
2735,48385,TX,Real County
2736,48387,TX,Red River County
2737,48389,TX,Reeves County
2738,48391,TX,Refugio County
2739,48393,TX,Roberts County
2740,48395,TX,Robertson County
2741,48397,TX,Rockwall County
2742,48399,TX,Runnels County
2743,48401,TX,Rusk County
2744,48403,TX,Sabine County
2745,48405,TX,San Augustine County
2746,48407,TX,San Jacinto County
2747,48409,TX,San Patricio County
2748,48411,TX,San Saba County
2749,48413,TX,Schleicher County
2750,48415,TX,Scurry County
2751,48417,TX,Shackelford County
2752,48419,TX,Shelby County
2753,48421,TX,Sherman County
2754,48423,TX,Smith County
2755,48425,TX,Somervell County
2756,48427,TX,Starr County
2757,48429,TX,Stephens County
2758,48431,TX,Sterling County
2759,48433,TX,Stonewall County
2760,48435,TX,Sutton County
2761,48437,TX,Swisher County
2762,48439,TX,Tarrant County
2763,48441,TX,Taylor County
2764,48443,TX,Terrell County
2765,48445,TX,Terry County
2766,48447,TX,Throckmorton County
2767,48449,TX,Titus County
2768,48451,TX,Tom Green County
2769,48453,TX,Travis County
2770,48455,TX,Trinity County
2771,48457,TX,Tyler County
2772,48459,TX,Upshur County
2773,48461,TX,Upton County
2774,48463,TX,Uvalde County
2775,48465,TX,Val Verde County
2776,48467,TX,Van Zandt County
2777,48469,TX,Victoria County
2778,48471,TX,Walker County
2779,48473,TX,Waller County
2780,48475,TX,Ward County
2781,48477,TX,Washington County
2782,48479,TX,Webb County
2783,48481,TX,Wharton County
2784,48483,TX,Wheeler County
2785,48485,TX,Wichita County
2786,48487,TX,Wilbarger County
2787,48489,TX,Willacy County
2788,48491,TX,Williamson County
2789,48493,TX,Wilson County
2790,48495,TX,Winkler County
2791,48497,TX,Wise County
2792,48499,TX,Wood County
2793,48501,TX,Yoakum County
2794,48503,TX,Young County
2795,48505,TX,Zapata County
2796,48507,TX,Zavala County
2797,49001,UT,Beaver County
2798,49003,UT,Box Elder County
2799,49005,UT,Cache County
2800,49007,UT,Carbon County
2801,49009,UT,Daggett County
2802,49011,UT,Davis County
2803,49013,UT,Duchesne County
2804,49015,UT,Emery County
2805,49017,UT,Garfield County
2806,49019,UT,Grand County
2807,49021,UT,Iron County
2808,49023,UT,Juab County
2809,49025,UT,Kane County
2810,49027,UT,Millard County
2811,49029,UT,Morgan County
2812,49031,UT,Piute County
2813,49033,UT,Rich County
2814,49035,UT,Salt Lake County
2815,49037,UT,San Juan County
2816,49039,UT,Sanpete County
2817,49041,UT,Sevier County
2818,49043,UT,Summit County
2819,49045,UT,Tooele County
2820,49047,UT,Uintah County
2821,49049,UT,Utah County
2822,49051,UT,Wasatch County
2823,49053,UT,Washington County
2824,49055,UT,Wayne County
2825,49057,UT,Weber County
2826,50001,VT,Addison County
2827,50003,VT,Bennington County
2828,50005,VT,Caledonia County
2829,50007,VT,Chittenden County
2830,50009,VT,Essex County
2831,50011,VT,Franklin County
2832,50013,VT,Grand Isle County
2833,50015,VT,Lamoille County
2834,50017,VT,Orange County
2835,50019,VT,Orleans County
2836,50021,VT,Rutland County
2837,50023,VT,Washington County
2838,50025,VT,Windham County
2839,50027,VT,Windsor County
2840,51001,VA,Accomack County
2841,51003,VA,Albemarle County
2842,51005,VA,Alleghany County
2843,51007,VA,Amelia County
2844,51009,VA,Amherst County
2845,51011,VA,Appomattox County
2846,51013,VA,Arlington County
2847,51015,VA,Augusta County
2848,51017,VA,Bath County
2849,51019,VA,Bedford County
2850,51021,VA,Bland County
2851,51023,VA,Botetourt County
2852,51025,VA,Brunswick County
2853,51027,VA,Buchanan County
2854,51029,VA,Buckingham County
2855,51031,VA,Campbell County
2856,51033,VA,Caroline County
2857,51035,VA,Carroll County
2858,51036,VA,Charles City County
2859,51037,VA,Charlotte County
2860,51041,VA,Chesterfield County
2861,51043,VA,Clarke County
2862,51045,VA,Craig County
2863,51047,VA,Culpeper County
2864,51049,VA,Cumberland County
2865,51051,VA,Dickenson County
2866,51053,VA,Dinwiddie County
2867,51057,VA,Essex County
2868,51059,VA,Fairfax County
2869,51061,VA,Fauquier County
2870,51063,VA,Floyd County
2871,51065,VA,Fluvanna County
2872,51067,VA,Franklin County
2873,51069,VA,Frederick County
2874,51071,VA,Giles County
2875,51073,VA,Gloucester County
2876,51075,VA,Goochland County
2877,51077,VA,Grayson County
2878,51079,VA,Greene County
2879,51081,VA,Greensville County
2880,51083,VA,Halifax County
2881,51085,VA,Hanover County
2882,51087,VA,Henrico County
2883,51089,VA,Henry County
2884,51091,VA,Highland County
2885,51093,VA,Isle of Wight County
2886,51095,VA,James City County
2887,51097,VA,King and Queen County
2888,51099,VA,King George County
2889,51101,VA,King William County
2890,51103,VA,Lancaster County
2891,51105,VA,Lee County
2892,51107,VA,Loudoun County
2893,51109,VA,Louisa County
2894,51111,VA,Lunenburg County
2895,51113,VA,Madison County
2896,51115,VA,Mathews County
2897,51117,VA,Mecklenburg County
2898,51119,VA,Middlesex County
2899,51121,VA,Montgomery County
2900,51125,VA,Nelson County
2901,51127,VA,New Kent County
2902,51131,VA,Northampton County
2903,51133,VA,Northumberland County
2904,51135,VA,Nottoway County
2905,51137,VA,Orange County
2906,51139,VA,Page County
2907,51141,VA,Patrick County
2908,51143,VA,Pittsylvania County
2909,51145,VA,Powhatan County
2910,51147,VA,Prince Edward County
2911,51149,VA,Prince George County
2912,51153,VA,Prince William County
2913,51155,VA,Pulaski County
2914,51157,VA,Rappahannock County
2915,51159,VA,Richmond County
2916,51161,VA,Roanoke County
2917,51163,VA,Rockbridge County
2918,51165,VA,Rockingham County
2919,51167,VA,Russell County
2920,51169,VA,Scott County
2921,51171,VA,Shenandoah County
2922,51173,VA,Smyth County
2923,51175,VA,Southampton County
2924,51177,VA,Spotsylvania County
2925,51179,VA,Stafford County
2926,51181,VA,Surry County
2927,51183,VA,Sussex County
2928,51185,VA,Tazewell County
2929,51187,VA,Warren County
2930,51191,VA,Washington County
2931,51193,VA,Westmoreland County
2932,51195,VA,Wise County
2933,51197,VA,Wythe County
2934,51199,VA,York County
2935,51510,VA,Alexandria city
2936,51515,VA,Bedford city
2937,51520,VA,Bristol city
2938,51530,VA,Buena Vista city
2939,51540,VA,Charlottesville city
2940,51550,VA,Chesapeake city
2941,51560,VA,Clifton Forge city
2942,51570,VA,Colonial Heights city
2943,51580,VA,Covington city
2944,51590,VA,Danville city
2945,51595,VA,Emporia city
2946,51600,VA,Fairfax city
2947,51610,VA,Falls Church city
2948,51620,VA,Franklin city
2949,51630,VA,Fredericksburg city
2950,51640,VA,Galax city
2951,51650,VA,Hampton city
2952,51660,VA,Harrisonburg city
2953,51670,VA,Hopewell city
2954,51678,VA,Lexington city
2955,51680,VA,Lynchburg city
2956,51683,VA,Manassas city
2957,51685,VA,Manassas Park city
2958,51690,VA,Martinsville city
2959,51700,VA,Newport News city
2960,51710,VA,Norfolk city
2961,51720,VA,Norton city
2962,51730,VA,Petersburg city
2963,51735,VA,Poquoson city
2964,51740,VA,Portsmouth city
2965,51750,VA,Radford city
2966,51760,VA,Richmond city
2967,51770,VA,Roanoke city
2968,51775,VA,Salem city
2969,51790,VA,Staunton city
2970,51800,VA,Suffolk city
2971,51810,VA,Virginia Beach city
2972,51820,VA,Waynesboro city
2973,51830,VA,Williamsburg city
2974,51840,VA,Winchester city
2975,53001,WA,Adams County
2976,53003,WA,Asotin County
2977,53005,WA,Benton County
2978,53007,WA,Chelan County
2979,53009,WA,Clallam County
2980,53011,WA,Clark County
2981,53013,WA,Columbia County
2982,53015,WA,Cowlitz County
2983,53017,WA,Douglas County
2984,53019,WA,Ferry County
2985,53021,WA,Franklin County
2986,53023,WA,Garfield County
2987,53025,WA,Grant County
2988,53027,WA,Grays Harbor County
2989,53029,WA,Island County
2990,53031,WA,Jefferson County
2991,53033,WA,King County
2992,53035,WA,Kitsap County
2993,53037,WA,Kittitas County
2994,53039,WA,Klickitat County
2995,53041,WA,Lewis County
2996,53043,WA,Lincoln County
2997,53045,WA,Mason County
2998,53047,WA,Okanogan County
2999,53049,WA,Pacific County
3000,53051,WA,Pend Oreille County
3001,53053,WA,Pierce County
3002,53055,WA,San Juan County
3003,53057,WA,Skagit County
3004,53059,WA,Skamania County
3005,53061,WA,Snohomish County
3006,53063,WA,Spokane County
3007,53065,WA,Stevens County
3008,53067,WA,Thurston County
3009,53069,WA,Wahkiakum County
3010,53071,WA,Walla Walla County
3011,53073,WA,Whatcom County
3012,53075,WA,Whitman County
3013,53077,WA,Yakima County
3014,54001,WV,Barbour County
3015,54003,WV,Berkeley County
3016,54005,WV,Boone County
3017,54007,WV,Braxton County
3018,54009,WV,Brooke County
3019,54011,WV,Cabell County
3020,54013,WV,Calhoun County
3021,54015,WV,Clay County
3022,54017,WV,Doddridge County
3023,54019,WV,Fayette County
3024,54021,WV,Gilmer County
3025,54023,WV,Grant County
3026,54025,WV,Greenbrier County
3027,54027,WV,Hampshire County
3028,54029,WV,Hancock County
3029,54031,WV,Hardy County
3030,54033,WV,Harrison County
3031,54035,WV,Jackson County
3032,54037,WV,Jefferson County
3033,54039,WV,Kanawha County
3034,54041,WV,Lewis County
3035,54043,WV,Lincoln County
3036,54045,WV,Logan County
3037,54047,WV,McDowell County
3038,54049,WV,Marion County
3039,54051,WV,Marshall County
3040,54053,WV,Mason County
3041,54055,WV,Mercer County
3042,54057,WV,Mineral County
3043,54059,WV,Mingo County
3044,54061,WV,Monongalia County
3045,54063,WV,Monroe County
3046,54065,WV,Morgan County
3047,54067,WV,Nicholas County
3048,54069,WV,Ohio County
3049,54071,WV,Pendleton County
3050,54073,WV,Pleasants County
3051,54075,WV,Pocahontas County
3052,54077,WV,Preston County
3053,54079,WV,Putnam County
3054,54081,WV,Raleigh County
3055,54083,WV,Randolph County
3056,54085,WV,Ritchie County
3057,54087,WV,Roane County
3058,54089,WV,Summers County
3059,54091,WV,Taylor County
3060,54093,WV,Tucker County
3061,54095,WV,Tyler County
3062,54097,WV,Upshur County
3063,54099,WV,Wayne County
3064,54101,WV,Webster County
3065,54103,WV,Wetzel County
3066,54105,WV,Wirt County
3067,54107,WV,Wood County
3068,54109,WV,Wyoming County
3069,55001,WI,Adams County
3070,55003,WI,Ashland County
3071,55005,WI,Barron County
3072,55007,WI,Bayfield County
3073,55009,WI,Brown County
3074,55011,WI,Buffalo County
3075,55013,WI,Burnett County
3076,55015,WI,Calumet County
3077,55017,WI,Chippewa County
3078,55019,WI,Clark County
3079,55021,WI,Columbia County
3080,55023,WI,Crawford County
3081,55025,WI,Dane County
3082,55027,WI,Dodge County
3083,55029,WI,Door County
3084,55031,WI,Douglas County
3085,55033,WI,Dunn County
3086,55035,WI,Eau Claire County
3087,55037,WI,Florence County
3088,55039,WI,Fond du Lac County
3089,55041,WI,Forest County
3090,55043,WI,Grant County
3091,55045,WI,Green County
3092,55047,WI,Green Lake County
3093,55049,WI,Iowa County
3094,55051,WI,Iron County
3095,55053,WI,Jackson County
3096,55055,WI,Jefferson County
3097,55057,WI,Juneau County
3098,55059,WI,Kenosha County
3099,55061,WI,Kewaunee County
3100,55063,WI,La Crosse County
3101,55065,WI,Lafayette County
3102,55067,WI,Langlade County
3103,55069,WI,Lincoln County
3104,55071,WI,Manitowoc County
3105,55073,WI,Marathon County
3106,55075,WI,Marinette County
3107,55077,WI,Marquette County
3108,55078,WI,Menominee County
3109,55079,WI,Milwaukee County
3110,55081,WI,Monroe County
3111,55083,WI,Oconto County
3112,55085,WI,Oneida County
3113,55087,WI,Outagamie County
3114,55089,WI,Ozaukee County
3115,55091,WI,Pepin County
3116,55093,WI,Pierce County
3117,55095,WI,Polk County
3118,55097,WI,Portage County
3119,55099,WI,Price County
3120,55101,WI,Racine County
3121,55103,WI,Richland County
3122,55105,WI,Rock County
3123,55107,WI,Rusk County
3124,55109,WI,St. Croix County
3125,55111,WI,Sauk County
3126,55113,WI,Sawyer County
3127,55115,WI,Shawano County
3128,55117,WI,Sheboygan County
3129,55119,WI,Taylor County
3130,55121,WI,Trempealeau County
3131,55123,WI,Vernon County
3132,55125,WI,Vilas County
3133,55127,WI,Walworth County
3134,55129,WI,Washburn County
3135,55131,WI,Washington County
3136,55133,WI,Waukesha County
3137,55135,WI,Waupaca County
3138,55137,WI,Waushara County
3139,55139,WI,Winnebago County
3140,55141,WI,Wood County
3141,56001,WY,Albany County
3142,56003,WY,Big Horn County
3143,56005,WY,Campbell County
3144,56007,WY,Carbon County
3145,56009,WY,Converse County
3146,56011,WY,Crook County
3147,56013,WY,Fremont County
3148,56015,WY,Goshen County
3149,56017,WY,Hot Springs County
3150,56019,WY,Johnson County
3151,56021,WY,Laramie County
3152,56023,WY,Lincoln County
3153,56025,WY,Natrona County
3154,56027,WY,Niobrara County
3155,56029,WY,Park County
3156,56031,WY,Platte County
3157,56033,WY,Sheridan County
3158,56035,WY,Sublette County
3159,56037,WY,Sweetwater County
3160,56039,WY,Teton County
3161,56041,WY,Uinta County
3162,56043,WY,Washakie County
3163,56045,WY,Weston County
3164,66010,GU,Guam
3165,72001,PR,Adjuntas Municipio
3166,72003,PR,Aguada Municipio
3167,72005,PR,Aguadilla Municipio
3168,72007,PR,Aguas Buenas Municipio
3169,72009,PR,Aibonito Municipio
3170,72011,PR,Anasco Municipio
3171,72013,PR,Arecibo Municipio
3172,72015,PR,Arroyo Municipio
3173,72017,PR,Barceloneta Municipio
3174,72019,PR,Barranquitas Municipio
3175,72021,PR,Bayamon Municipio
3176,72023,PR,Cabo Rojo Municipio
3177,72025,PR,Caguas Municipio
3178,72027,PR,Camuy Municipio
3179,72029,PR,Canovanas Municipio
3180,72031,PR,Carolina Municipio
3181,72033,PR,Catano Municipio
3182,72035,PR,Cayey Municipio
3183,72037,PR,Ceiba Municipio
3184,72039,PR,Ciales Municipio
3185,72041,PR,Cidra Municipio
3186,72043,PR,Coama Municipio
3187,72045,PR,Comerio Municipio
3188,72047,PR,Corozal Municipio
3189,72049,PR,Culebra Municipio
3190,72051,PR,Dorado Municipio
3191,72053,PR,Fajardo Municipio
3192,72054,PR,Florida Municipio
3193,72055,PR,Guanica Municipio
3194,72057,PR,Guayama Municipio
3195,72059,PR,Guayanilla Municipio
3196,72061,PR,Guaynabo Municipio
3197,72063,PR,Gurabo Municipio
3198,72065,PR,Hatillo Municipio
3199,72067,PR,Hormigueros Municipio
3200,72069,PR,Humacao Municipio
3201,72071,PR,Isabela Municipio
3202,72073,PR,Jayuya Municipio
3203,72075,PR,Juana Diaz Municipio
3204,72077,PR,Juncos Municipio
3205,72079,PR,Lajas Municipio
3206,72081,PR,Lares Municipio
3207,72083,PR,Las Marias Municipio
3208,72085,PR,Las Piedras Municipio
3209,72087,PR,Loiza Municipio
3210,72089,PR,Luquillo Municipio
3211,72091,PR,Manati Municipio
3212,72093,PR,Maricao Municipio
3213,72095,PR,Maunabo Municipio
3214,72097,PR,Mayaguez Municipio
3215,72099,PR,Moca Municipio
3216,72101,PR,Morovis Municipio
3217,72103,PR,Naguabo Municipio
3218,72105,PR,Naranjito Municipio
3219,72107,PR,Orocovis Municipio
3220,72109,PR,Patillas Municipio
3221,72111,PR,Penuelas Municipio
3222,72113,PR,Ponce Municipio
3223,72115,PR,Quebradillas Municipio
3224,72117,PR,Rincon Municipio
3225,72119,PR,Rio Grande Municipio
3226,72121,PR,Sabana Grande Municipio
3227,72123,PR,Salinas Municipio
3228,72125,PR,San German Municipio
3229,72127,PR,San Juan Municipio
3230,72129,PR,San Lorenzo Municipio
3231,72131,PR,San Sebastian Municipio
3232,72133,PR,Santa Isabel Municipio
3233,72135,PR,Toa Alta Municipio
3234,72137,PR,Toa Baja Municipio
3235,72139,PR,Trujillo Alto Municipio
3236,72141,PR,Utuado Municipio
3237,72143,PR,Vega Alta Municipio
3238,72145,PR,Vega Baja Municipio
3239,72147,PR,Vieques Municipio
3240,72149,PR,Villalba Municipio
3241,72151,PR,Yabucoa Municipio
3242,72153,PR,Yauco Municipio
3243,78010,VI,St. Croix
3244,78020,VI,St. John
3245,78030,VI,St. Thomas
